time,t,lat,lon,ele,dist_m,speed,pace_min_km,cadence_spm,phase
2026-09-08 18:37:27+00:00,0.0,51.047585,3.712648,8.3,0.0,2.2259544401527607,7.487424884366853,0.0,easy
2026-09-08 18:37:28+00:00,1.0,51.047596,3.71261,8.3,2.9244789429347158,2.2072424295508903,7.550899911822485,0.0,easy
2026-09-08 18:37:29+00:00,2.0,51.047607,3.71257,8.3,5.976512599494544,2.363134007416481,7.052781016379034,138.0,easy
2026-09-08 18:37:31+00:00,4.0,51.047628,3.712531,8.3,9.566140634997012,2.404048326121036,6.932750263618268,138.0,easy
2026-09-08 18:37:32+00:00,5.0,51.047643,3.712514,8.3,11.614125942501163,2.4897940750315892,6.693994026977998,138.0,easy
2026-09-08 18:37:33+00:00,6.0,51.047665,3.71249,8.3,14.580453379989883,2.6039390585819833,6.400559418522939,140.0,easy
2026-09-08 18:37:34+00:00,7.0,51.047686,3.712468,8.3,17.37649509882056,2.6892243235723963,6.197573969778199,140.0,easy
2026-09-08 18:37:35+00:00,8.0,51.047697,3.712444,8.3,19.45275345415836,2.938924416321004,5.671008949434054,136.0,easy
2026-09-08 18:37:36+00:00,9.0,51.047714,3.7124,8.3,23.06302008449956,2.954279115335005,5.64153420039214,136.0,easy
2026-09-08 18:37:37+00:00,10.0,51.047719,3.712366,8.2,25.503958996251374,2.9072109528562065,5.732871448593162,142.0,easy
2026-09-08 18:37:38+00:00,11.0,51.04773,3.712331,8.2,28.23934560508263,2.9118527379888564,5.723732676872222,142.0,easy
2026-09-08 18:37:39+00:00,12.0,51.047746,3.712289,8.2,31.672342918130308,2.946296217513347,5.6568197615693965,138.0,easy
2026-09-08 18:37:40+00:00,13.0,51.047763,3.712239,8.2,35.64602177931702,2.9609629794590617,5.628799408262612,138.0,easy
2026-09-08 18:37:41+00:00,14.0,51.047779,3.712191,8.2,39.44395454776478,2.885280175473985,5.776446533109637,140.0,easy
2026-09-08 18:37:42+00:00,15.0,51.047797,3.71215,8.2,42.93975584624529,2.907263075574848,5.732768667098073,140.0,easy
2026-09-08 18:37:43+00:00,16.0,51.047811,3.712111,8.2,46.07920057537602,2.946884697891908,5.655690118649495,136.0,easy
2026-09-08 18:37:44+00:00,17.0,51.047825,3.712085,8.2,48.472279957232665,2.8797919745636453,5.787455071018472,136.0,easy
2026-09-08 18:37:45+00:00,18.0,51.047844,3.712055,8.2,51.44911768707862,2.9968041500810245,5.561480107472505,138.0,easy
2026-09-08 18:37:46+00:00,19.0,51.047856,3.712028,8.2,53.76058389769722,2.945010605871681,5.659289183352048,138.0,easy
2026-09-08 18:37:47+00:00,20.0,51.047869,3.712003,8.2,56.02857063438708,2.910154412501967,5.727072967354236,134.0,easy
2026-09-08 18:37:48+00:00,21.0,51.047871,3.711977,8.2,57.859656012099656,2.7303638460564206,6.104192556878101,134.0,easy
2026-09-08 18:37:49+00:00,22.0,51.047897,3.71196,8.2,60.98544123244328,2.6712173479287027,6.239352510790715,140.0,easy
2026-09-08 18:37:50+00:00,23.0,51.04792,3.711949,8.2,63.656023922536974,2.595419708224409,6.421568971620681,140.0,easy
2026-09-08 18:37:51+00:00,24.0,51.047943,3.711942,8.2,66.25989970295423,2.541683945646941,6.557332470550134,134.0,easy
2026-09-08 18:37:52+00:00,25.0,51.047979,3.711924,8.2,70.45602124746674,2.5060226927911446,6.6506447505883335,134.0,easy
2026-09-08 18:37:53+00:00,26.0,51.047993,3.711907,8.2,72.41450469315784,2.4680629547523423,6.752934172353429,136.0,easy
2026-09-08 18:37:55+00:00,28.0,51.048009,3.711874,8.2,75.32772655505595,2.45241325623626,6.796026984556894,136.0,easy
2026-09-08 18:37:56+00:00,29.0,51.048018,3.711834,8.2,78.29760834971566,2.483106847393048,6.712021548393935,136.0,easy
2026-09-08 18:37:57+00:00,30.0,51.048025,3.711801,8.2,80.73224269233606,2.4170298908066328,6.895515330637685,136.0,easy
2026-09-08 18:37:58+00:00,31.0,51.048027,3.711767,8.2,83.11938674538224,2.387822994201789,6.979858518465297,136.0,easy
2026-09-08 18:37:59+00:00,32.0,51.048036,3.711744,8.2,85.01320858725774,2.327668309270785,7.16024125958394,138.0,easy
2026-09-08 18:38:00+00:00,33.0,51.048052,3.71172,8.2,87.45860998456045,2.2708863145268565,7.339278307350757,138.0,easy
2026-09-08 18:38:01+00:00,34.0,51.048063,3.711694,8.2,89.64937957199847,2.33953167767011,7.1239328903914,138.0,easy
2026-09-08 18:38:02+00:00,35.0,51.048068,3.711664,8.2,91.81896715264378,2.339730869392519,7.123326398216881,138.0,easy
2026-09-08 18:38:03+00:00,36.0,51.048077,3.711635,8.2,94.07976280655137,2.4478110798423462,6.808804324776608,134.0,easy
2026-09-08 18:38:04+00:00,37.0,51.048083,3.711605,8.2,96.28047063468519,2.4005979596098133,6.942714668213591,134.0,easy
2026-09-08 18:38:05+00:00,38.0,51.048086,3.711573,8.2,98.54215677231107,2.396912851770065,6.953388670079814,136.0,easy
2026-09-08 18:38:06+00:00,39.0,51.048088,3.711548,8.2,100.30386696369428,2.3777756011812117,7.009352210691008,136.0,easy
2026-09-08 18:38:07+00:00,40.0,51.048093,3.7115,8.2,103.70504058179179,2.4664071322891448,6.757467754805689,136.0,easy
2026-09-08 18:38:08+00:00,41.0,51.048098,3.711459,8.2,106.62455911148845,2.4772400379899935,6.727917525582149,136.0,easy
2026-09-08 18:38:09+00:00,42.0,51.048106,3.711428,8.2,108.9670786649947,2.487356693738165,6.700553526811988,136.0,easy
2026-09-08 18:38:10+00:00,43.0,51.048107,3.711384,8.2,112.04489275269115,2.49258262911821,6.686505182202429,136.0,easy
2026-09-08 18:38:11+00:00,44.0,51.04811,3.711352,8.2,114.30657774386287,2.488034215890852,6.6987288841199035,140.0,easy
2026-09-08 18:38:12+00:00,45.0,51.048111,3.711318,8.2,116.68593546888704,2.48191359558079,6.715248547065764,140.0,easy
2026-09-08 18:38:13+00:00,46.0,51.04811,3.711288,8.2,118.78602076310041,2.462462774596092,6.768291825000455,136.0,easy
2026-09-08 18:38:14+00:00,47.0,51.048112,3.711242,8.2,122.00931557159491,2.500636845761062,6.664968843804351,136.0,easy
2026-09-08 18:38:15+00:00,48.0,51.048109,3.711205,8.2,124.61721055441036,2.4073500448609093,6.923241886756699,134.0,easy
2026-09-08 18:38:16+00:00,49.0,51.048101,3.711174,8.2,126.95972997807094,2.3352146007472703,7.137102800459248,134.0,easy
2026-09-08 18:38:17+00:00,50.0,51.048103,3.711142,8.2,129.20770658941692,2.301545738822388,7.2415100797407375,138.0,easy
2026-09-08 18:38:18+00:00,51.0,51.0481,3.711111,8.1,131.40027604491414,2.2464331981378773,7.419168609367984,138.0,easy
2026-09-08 18:38:19+00:00,52.0,51.048102,3.711081,8.1,133.50917456839701,2.2263867283898153,7.485971082265866,138.0,easy
2026-09-08 18:38:20+00:00,53.0,51.048104,3.711053,8.1,135.47909839125245,2.2870128878594356,7.287526342829702,138.0,easy
2026-09-08 18:38:21+00:00,54.0,51.04811,3.711021,8.1,137.8134196501102,2.300364858834154,7.24522747018205,134.0,easy
2026-09-08 18:38:22+00:00,55.0,51.048116,3.710994,8.1,139.81529125470541,2.1549042346509344,7.734295751368479,134.0,easy
2026-09-08 18:38:23+00:00,56.0,51.048124,3.710971,8.1,141.65277812269747,2.076156035658317,8.02765610118602,140.0,easy
2026-09-08 18:38:24+00:00,57.0,51.048132,3.710948,8.1,143.49026474733049,2.0578723272927344,8.098979924858972,140.0,easy
2026-09-08 18:38:25+00:00,58.0,51.048142,3.71092,8.1,145.74139072475927,2.030919210213678,8.206464630817651,136.0,easy
2026-09-08 18:38:26+00:00,59.0,51.04815,3.710895,8.1,147.70237866971007,1.9986451334939097,8.338982437332941,136.0,easy
2026-09-08 18:38:27+00:00,60.0,51.048162,3.710852,8.1,150.99112878677855,1.9816261353358475,8.410600955180675,140.0,easy
2026-09-08 18:38:29+00:00,62.0,51.048172,3.710822,8.1,153.36482092663738,1.9080424227538868,8.734956030281332,140.0,easy
2026-09-08 18:38:30+00:00,63.0,51.048175,3.710801,8.1,154.87024112355618,1.8971568855135905,8.785075601248831,140.0,easy
2026-09-08 18:38:31+00:00,64.0,51.048183,3.710774,8.1,156.9567886300986,1.8856491909125912,8.838688949666484,134.0,easy
2026-09-08 18:38:32+00:00,65.0,51.048189,3.710749,8.1,158.8274216023378,1.9278120730038921,8.645379339645322,134.0,easy
2026-09-08 18:38:33+00:00,66.0,51.048195,3.710726,8.1,160.5681539837583,2.0085959584072226,8.297670119720348,136.0,easy
2026-09-08 18:38:34+00:00,67.0,51.048201,3.710701,8.1,162.4387865330283,2.013864977228389,8.27596033255636,136.0,easy
2026-09-08 18:38:35+00:00,68.0,51.048208,3.71068,8.1,164.1003699810178,1.94043911738973,8.589121151652824,130.0,easy
2026-09-08 18:38:36+00:00,69.0,51.048214,3.710659,8.1,165.712859638594,1.9445342067230595,8.571032902914796,130.0,easy
2026-09-08 18:38:37+00:00,70.0,51.048221,3.710635,8.1,167.5623337218251,2.0119659792103057,8.283771613876052,136.0,easy
2026-09-08 18:38:38+00:00,71.0,51.048227,3.710613,8.1,169.2387128654032,2.1655928075102766,7.696122100547555,136.0,easy
2026-09-08 18:38:39+00:00,72.0,51.048238,3.710583,8.1,171.6664798393144,2.1712389004365518,7.676109092977124,140.0,easy
2026-09-08 18:38:40+00:00,73.0,51.048256,3.710544,8.1,175.04858021238982,2.1259228545789344,7.839732580497475,140.0,easy
2026-09-08 18:38:41+00:00,74.0,51.048261,3.710516,8.1,177.08333442083696,2.1398774173801707,7.788608137690191,136.0,easy
2026-09-08 18:38:42+00:00,75.0,51.04827,3.710487,8.1,179.3441225001642,2.146330961096747,7.765189511197388,136.0,easy
2026-09-08 18:38:43+00:00,76.0,51.048276,3.71046,8.1,181.34598795755386,2.1612995867226865,7.711409731928637,136.0,easy
2026-09-08 18:38:44+00:00,77.0,51.048285,3.710432,8.0,183.54431061479198,2.186191879572414,7.62360651981125,136.0,easy
2026-09-08 18:38:45+00:00,78.0,51.0483,3.710383,8.0,187.35413323621034,2.2122691362191125,7.533742795485951,140.0,easy
2026-09-08 18:38:47+00:00,80.0,51.048308,3.71035,8.0,189.82654989667543,2.2121195598769403,7.5342522027126915,134.0,easy
2026-09-08 18:38:48+00:00,81.0,51.048314,3.710324,8.0,191.7626461573132,2.1110836829668593,7.8948394140604545,134.0,easy
2026-09-08 18:38:49+00:00,82.0,51.048322,3.710299,8.0,193.72362831861528,2.09198874119022,7.966900747842602,138.0,easy
2026-09-08 18:38:50+00:00,83.0,51.048326,3.710273,7.9,195.59477252536794,2.0932177496009383,7.962223074901828,138.0,easy
2026-09-08 18:38:51+00:00,84.0,51.048334,3.710248,7.9,197.55575428284035,2.1008620423735946,7.933251365632911,138.0,easy
2026-09-08 18:38:52+00:00,85.0,51.048347,3.710224,7.9,199.7703099591252,2.082347100949252,8.003788926000404,138.0,easy
2026-09-08 18:38:53+00:00,86.0,51.048362,3.710206,7.9,201.8596235467707,1.941465376883864,8.584580938248505,136.0,easy
2026-09-08 18:38:54+00:00,87.0,51.048372,3.710182,7.9,203.8723620078241,1.94290545649783,8.578218055297988,136.0,easy
2026-09-08 18:38:55+00:00,88.0,51.048377,3.710155,7.9,205.8399601041584,1.9919116427922987,8.367171669975795,138.0,easy
2026-09-08 18:38:56+00:00,89.0,51.048382,3.710131,7.9,207.60738512773258,1.959657175919579,8.5048889527556,138.0,easy
2026-09-08 18:38:57+00:00,90.0,51.04839,3.710101,7.9,209.8853793248099,1.9130621288062075,8.71203627718407,138.0,easy
2026-09-08 18:38:58+00:00,91.0,51.048388,3.710071,7.9,211.99426488101676,1.8925188072027423,8.806605568850864,138.0,easy
2026-09-08 18:38:59+00:00,92.0,51.048392,3.710044,7.9,213.9333783583141,1.8368238166350563,9.073633799674338,136.0,easy
2026-09-08 18:39:00+00:00,93.0,51.0484,3.710021,7.9,215.77085684281704,1.7919804342784353,9.300696786557115,136.0,easy
2026-09-08 18:39:01+00:00,94.0,51.048413,3.710002,7.9,217.7339234139104,1.7559670045391076,9.49144637888068,126.0,easy
2026-09-08 18:39:02+00:00,95.0,51.04843,3.709994,7.8,219.70522453855997,1.7335425281480203,9.614224281230651,126.0,easy
2026-09-08 18:39:03+00:00,96.0,51.048443,3.709996,7.8,221.15750379610697,1.729067120078209,9.639109131814848,126.0,easy
2026-09-08 18:39:04+00:00,97.0,51.048452,3.709985,7.8,222.41956025070846,1.730325160342867,9.632100976537922,126.0,easy
2026-09-08 18:39:05+00:00,98.0,51.048466,3.709983,7.8,223.98255463340914,1.7077328347138656,9.759528146250819,104.0,easy
2026-09-08 18:39:06+00:00,99.0,51.048471,3.709969,7.8,225.10811153236625,1.720645495650792,9.686287331582447,104.0,easy
2026-09-08 18:39:07+00:00,100.0,51.048472,3.709947,7.8,226.6500164733018,1.7255535903860622,9.658736048260197,108.0,easy
2026-09-08 18:39:08+00:00,101.0,51.048478,3.709927,7.8,228.1991286148574,1.7425467763305122,9.564544776102737,108.0,easy
2026-09-08 18:39:09+00:00,102.0,51.048484,3.709905,7.8,229.87549993004447,1.7482072085282985,9.533576217602514,138.0,easy
2026-09-08 18:39:10+00:00,103.0,51.048486,3.709878,7.8,231.7759669053316,1.759434968565835,9.472738103103712,138.0,easy
2026-09-08 18:39:11+00:00,104.0,51.048493,3.709855,7.8,233.56226253287565,1.782787326418662,9.348656690390191,136.0,easy
2026-09-08 18:39:12+00:00,105.0,51.048497,3.709828,7.8,235.50137184551792,1.851504634262267,9.001687793942525,136.0,easy
2026-09-08 18:39:13+00:00,106.0,51.04849,3.709797,7.7,237.8039473157787,1.8914156296549147,8.811742065231568,134.0,easy
2026-09-08 18:39:14+00:00,107.0,51.04848,3.709773,7.7,239.81668221410504,1.9817915535241843,8.409898930605811,134.0,easy
2026-09-08 18:39:15+00:00,108.0,51.048466,3.709753,7.7,241.90905848777473,2.027354477852772,8.220894199182574,134.0,easy
2026-09-08 18:39:16+00:00,109.0,51.048451,3.709736,7.7,243.95703154183488,2.1318970861935784,7.817763237541812,134.0,easy
2026-09-08 18:39:17+00:00,110.0,51.048437,3.709715,7.7,246.0967490670475,2.2236203860389177,7.495284164198595,136.0,easy
2026-09-08 18:39:18+00:00,111.0,51.048423,3.709702,7.6,247.8993136923869,2.1986632859190607,7.580363384154956,136.0,easy
2026-09-08 18:39:19+00:00,112.0,51.048405,3.709686,7.6,250.1921297646425,2.2059420357831914,7.555351136300089,138.0,easy
2026-09-08 18:39:20+00:00,113.0,51.048388,3.709671,7.6,252.35378907823286,2.229543760505076,7.475370953423689,138.0,easy
2026-09-08 18:39:21+00:00,114.0,51.048367,3.709659,7.6,254.83498483522902,2.2880394095392282,7.284256817072502,132.0,easy
2026-09-08 18:39:22+00:00,115.0,51.048348,3.709649,7.6,257.0603336410934,2.299131295177979,7.249114785928951,132.0,easy
2026-09-08 18:39:23+00:00,116.0,51.048321,3.709661,7.6,260.17758490776106,2.278247465351622,7.315564669834649,136.0,easy
2026-09-08 18:39:24+00:00,117.0,51.048295,3.709675,7.6,263.22980572062824,2.223789832526956,7.494713044769998,136.0,easy
2026-09-08 18:39:25+00:00,118.0,51.048282,3.709668,7.6,264.7559161941175,2.119360920893288,7.864005843630372,136.0,easy
2026-09-08 18:39:26+00:00,119.0,51.048265,3.70967,7.6,266.6513930696235,2.03083916906812,8.206788070920657,136.0,easy
2026-09-08 18:39:27+00:00,120.0,51.048245,3.709678,7.6,268.94452825309406,1.8867409577065537,8.833574422917069,114.0,easy
2026-09-08 18:39:28+00:00,121.0,51.048226,3.709712,7.6,272.1245384588671,1.7612715505218663,9.46286031914177,114.0,easy
2026-09-08 18:39:29+00:00,122.0,51.04821,3.70973,7.5,274.3036516417747,1.6359806799833534,10.187569370829156,114.0,easy
2026-09-08 18:39:30+00:00,123.0,51.048194,3.70973,7.5,276.08277046804903,1.496380286272999,11.137988664751767,114.0,easy
2026-09-08 18:39:31+00:00,124.0,51.048183,3.709728,7.5,277.31387902973916,1.3033895253925618,12.787172477580645,106.0,easy
2026-09-08 18:39:32+00:00,125.0,51.048178,3.70973,7.5,277.8871628804468,1.1118172179278387,14.99047361195696,106.0,easy
2026-09-08 18:39:33+00:00,126.0,51.048176,3.709736,7.5,278.36190122840867,1.0219855995958618,16.30812280844016,122.0,easy
2026-09-08 18:39:34+00:00,127.0,51.048175,3.709737,7.5,278.4932441302408,0.9114450847051524,18.28598008409716,122.0,easy
2026-09-08 18:39:35+00:00,128.0,51.048175,3.709733,7.5,278.7728623360609,0.7585694058071165,21.97118225316952,102.0,easy
2026-09-08 18:39:36+00:00,129.0,51.048177,3.709725,7.5,279.37469503497937,0.5706819198346668,29.204826870098138,102.0,easy
2026-09-08 18:39:37+00:00,130.0,51.048178,3.709726,7.5,279.50603793518843,0.46113494595626975,36.14271009564128,102.0,easy
2026-09-08 18:39:38+00:00,131.0,51.04818,3.709726,7.5,279.7284277886496,0.45635753862482636,36.52107230854448,102.0,easy
2026-09-08 18:39:39+00:00,132.0,51.048181,3.709728,7.5,279.9070639895459,0.6303667738121371,26.439633811717513,102.0,easy
2026-09-08 18:39:40+00:00,133.0,51.048182,3.70973,7.5,280.0857001880555,0.5921478504316295,28.146123733317562,102.0,easy
2026-09-08 18:39:41+00:00,134.0,51.048183,3.709733,7.5,280.3230693402009,0.7025441408604249,23.723301778952347,0.0,easy
2026-09-08 18:39:42+00:00,135.0,51.048183,3.709733,7.5,280.3230693402009,0.8255997678310015,20.1873441782245,0.0,easy
2026-09-08 18:39:43+00:00,136.0,51.048186,3.709731,7.5,280.6847672563872,0.9753834592234798,17.08729680523319,0.0,easy
2026-09-08 18:39:44+00:00,137.0,51.048183,3.709725,7.5,281.22067583111885,1.1786155990305744,14.140884169847405,0.0,easy
2026-09-08 18:39:45+00:00,138.0,51.04817,3.709712,7.4,282.92813354742157,1.3417829763278852,12.421283442035497,0.0,easy
2026-09-08 18:39:46+00:00,139.0,51.048147,3.709671,7.4,286.76938063692137,1.477805371769008,11.277984899131758,0.0,easy
2026-09-08 18:39:47+00:00,140.0,51.048147,3.709671,7.4,286.76938063692137,1.6024281919156158,10.400882080552122,132.0,easy
2026-09-08 18:39:48+00:00,141.0,51.048137,3.709645,7.3,288.90006334131516,1.7687208472853044,9.423005723174043,132.0,easy
2026-09-08 18:39:49+00:00,142.0,51.04813,3.709619,7.3,290.8772406477059,1.9278301315303632,8.645298355948105,136.0,easy
2026-09-08 18:39:50+00:00,143.0,51.048128,3.709583,7.3,293.40361422441316,2.2553307043987747,7.389899243671965,136.0,easy
2026-09-08 18:39:51+00:00,144.0,51.048125,3.709531,7.3,297.05392902043803,2.390590189271095,6.971779078432691,132.0,easy
2026-09-08 18:39:52+00:00,145.0,51.048116,3.709497,7.4,299.6327825801067,2.46649413086671,6.757229404316527,132.0,easy
2026-09-08 18:39:53+00:00,146.0,51.0481,3.709477,7.4,301.8955083651847,2.4968995044976183,6.674944921349582,100.0,easy
2026-09-08 18:39:54+00:00,147.0,51.048085,3.70946,7.4,303.94348686828016,2.3732833822533492,7.022619713808577,100.0,easy
2026-09-08 18:39:55+00:00,148.0,51.048074,3.709426,7.4,306.6165128973351,2.529588950297566,6.588685748609906,100.0,easy
2026-09-08 18:39:56+00:00,149.0,51.048064,3.709392,7.4,309.24052131315636,2.546378401207002,6.545243495140606,100.0,easy
2026-09-08 18:39:57+00:00,150.0,51.048041,3.709332,7.2,314.15302990618255,2.561457067097304,6.506713261274247,130.0,easy
2026-09-08 18:39:59+00:00,152.0,51.048025,3.709294,7.1,317.3501574203231,2.458932194638837,6.778009862575586,136.0,easy
2026-09-08 18:40:00+00:00,153.0,51.048014,3.709269,7.1,319.48329036745855,2.4406053963195578,6.828906750677542,136.0,easy
2026-09-08 18:40:01+00:00,154.0,51.048001,3.709247,7.0,321.5939117455386,2.431819915223124,6.853577669273043,136.0,easy
2026-09-08 18:40:02+00:00,155.0,51.047987,3.709225,7.0,323.78218969815765,2.434777482755487,6.845252506526659,136.0,easy
2026-09-08 18:40:03+00:00,156.0,51.047972,3.709201,6.9,326.1479247152836,2.402030486302649,6.9385741611968506,136.0,easy
2026-09-08 18:40:04+00:00,157.0,51.047958,3.709179,6.9,328.33620334413854,2.3674237887511915,7.040001349085996,136.0,easy
2026-09-08 18:40:05+00:00,158.0,51.047947,3.709151,6.8,330.64428679905217,2.1735414893007516,7.667977238395613,136.0,easy
2026-09-08 18:40:06+00:00,159.0,51.047934,3.709123,6.8,333.07754350245216,2.137137411550244,7.79859384641858,136.0,easy
2026-09-08 18:40:07+00:00,160.0,51.047921,3.709097,6.7,335.39982188565097,2.178204470602425,7.65156205103976,136.0,easy
2026-09-08 18:40:08+00:00,161.0,51.047907,3.709076,6.7,337.5395509353789,2.1860714491831508,7.624026503294002,136.0,easy
2026-09-08 18:40:09+00:00,162.0,51.047895,3.709053,6.7,339.6289353839274,2.194492711848112,7.594769659832082,118.0,easy
2026-09-08 18:40:10+00:00,163.0,51.047882,3.709029,6.7,341.8435034626426,2.226810092830897,7.484547838328989,118.0,easy
2026-09-08 18:40:11+00:00,164.0,51.047866,3.709012,6.6,343.9830181127435,2.2198148678831973,7.5081336321347845,118.0,easy
2026-09-08 18:40:12+00:00,165.0,51.047848,3.708999,6.6,346.1811745134635,2.2014714573219356,7.570693960730008,118.0,easy
2026-09-08 18:40:13+00:00,166.0,51.047838,3.708982,6.6,347.8086548365066,2.182278470826485,7.63727768452693,102.0,easy
2026-09-08 18:40:14+00:00,167.0,51.047825,3.708958,6.6,350.0232244793596,2.215262218296688,7.523563815159383,102.0,easy
2026-09-08 18:40:15+00:00,168.0,51.047815,3.70893,6.6,352.2743621052059,2.2152625929734686,7.523562542667048,140.0,easy
2026-09-08 18:40:16+00:00,169.0,51.047808,3.7089,6.6,354.51130242326036,2.2661890305344725,7.354490928206414,140.0,easy
2026-09-08 18:40:17+00:00,170.0,51.047797,3.708866,6.5,357.18434109062116,2.3005437024104656,7.244664228375081,144.0,easy
2026-09-08 18:40:18+00:00,171.0,51.047788,3.708837,6.5,359.44514773353154,2.2994621141364666,7.2480718704624625,144.0,easy
2026-09-08 18:40:19+00:00,172.0,51.047781,3.708812,6.5,361.3582752039676,2.3758837797248895,7.014933478184084,134.0,easy
2026-09-08 18:40:20+00:00,173.0,51.04777,3.708789,6.5,363.37846386144946,2.4794323812621726,6.721968621778822,134.0,easy
2026-09-08 18:40:21+00:00,174.0,51.047751,3.70876,6.5,366.3064767769025,2.5488172710519037,6.538980591491476,138.0,easy
2026-09-08 18:40:22+00:00,175.0,51.047738,3.708734,6.5,368.628760780253,2.5514961428086327,6.532115172363285,138.0,easy
2026-09-08 18:40:23+00:00,176.0,51.047723,3.7087,6.5,371.53238639339594,2.579085954052441,6.4622377708966345,140.0,easy
2026-09-08 18:40:24+00:00,177.0,51.047711,3.708668,6.4,374.13709092008435,2.599762452478497,6.410842133202367,140.0,easy
2026-09-08 18:40:25+00:00,178.0,51.047702,3.70864,6.4,376.33543517468956,2.66224470521601,6.26038118660259,136.0,easy
2026-09-08 18:40:26+00:00,179.0,51.047683,3.708604,6.4,379.62127480861676,2.6259577735551747,6.3468905838886975,136.0,easy
2026-09-08 18:40:27+00:00,180.0,51.047662,3.708562,6.4,383.372660232396,2.6209161561028247,6.359099518639007,134.0,easy
2026-09-08 18:40:28+00:00,181.0,51.047648,3.708531,6.4,386.0409139022851,2.6447301883282432,6.301840066794039,134.0,easy
2026-09-08 18:40:29+00:00,182.0,51.047636,3.708505,6.4,388.29566662148903,2.6021099196859625,6.405058656660475,140.0,easy
2026-09-08 18:40:30+00:00,183.0,51.047624,3.708472,6.4,390.96065141599246,2.6057843203906677,6.396026922200509,140.0,easy
2026-09-08 18:40:31+00:00,184.0,51.047611,3.708442,6.4,393.50773921043776,2.578937832576992,6.462608929976639,140.0,easy
2026-09-08 18:40:32+00:00,185.0,51.047594,3.708398,6.4,397.11801166886124,2.5482010770909094,6.540561816924493,140.0,easy
2026-09-08 18:40:33+00:00,186.0,51.047586,3.708377,6.4,398.8345143368591,2.5564642163423743,6.519421066066111,130.0,easy
2026-09-08 18:40:34+00:00,187.0,51.047578,3.708354,6.4,400.6720175455099,2.479618187871707,6.721464920763432,130.0,easy
2026-09-08 18:40:35+00:00,188.0,51.047565,3.708327,6.4,403.04941668637304,2.4319820643173573,6.8531207163096,130.0,easy
2026-09-08 18:40:36+00:00,189.0,51.047551,3.708303,6.4,405.33812557219187,2.4327363812605816,6.85099577375105,130.0,easy
2026-09-08 18:40:37+00:00,190.0,51.047538,3.708276,6.4,407.71552558611296,2.4803466160388568,6.719490961018801,128.0,easy
2026-09-08 18:40:38+00:00,191.0,51.047524,3.708248,6.4,410.2164538820508,2.5051373296471313,6.652995214842893,128.0,easy
2026-09-08 18:40:39+00:00,192.0,51.047512,3.708224,6.4,412.360107076448,2.5222537423676017,6.607846937327534,134.0,easy
2026-09-08 18:40:40+00:00,193.0,51.047499,3.708198,6.4,414.6823984198252,2.4513753040990283,6.798904532813791,134.0,easy
2026-09-08 18:40:41+00:00,194.0,51.047488,3.708173,6.4,416.81554762669236,2.4908153706682397,6.691249324591774,128.0,easy
2026-09-08 18:40:42+00:00,195.0,51.047471,3.708139,6.4,419.85239119715635,2.502499711546794,6.660007427679185,128.0,easy
2026-09-08 18:40:43+00:00,196.0,51.047456,3.708109,6.4,422.53195962119383,2.5412848056594037,6.558362380143401,134.0,easy
2026-09-08 18:40:44+00:00,197.0,51.04744,3.708075,6.5,425.5008658620719,2.571064489107564,6.482399308642699,134.0,easy
2026-09-08 18:40:45+00:00,198.0,51.047423,3.708041,6.5,428.53771136069946,2.621680819647073,6.35724476517714,134.0,easy
2026-09-08 18:40:46+00:00,199.0,51.047407,3.70801,6.5,431.34154534595183,2.578252483999166,6.464326814422282,134.0,easy
2026-09-08 18:40:47+00:00,200.0,51.047394,3.70798,6.5,433.8886412303467,2.5844730093685837,6.448767933056699,134.0,easy
2026-09-08 18:40:48+00:00,201.0,51.047383,3.707952,6.5,436.19674489688276,2.5787843446332066,6.462993581201243,134.0,easy
2026-09-08 18:40:49+00:00,202.0,51.047373,3.707928,6.5,438.20951321871183,2.5714786850166313,6.481355168829203,136.0,easy
2026-09-08 18:40:50+00:00,203.0,51.047359,3.707892,6.6,441.1686887712641,2.540948606122157,6.559230134175099,136.0,easy
2026-09-08 18:40:51+00:00,204.0,51.047348,3.707857,6.6,443.90409290880535,2.517225152129337,6.62104724822419,134.0,easy
2026-09-08 18:40:52+00:00,205.0,51.047333,3.707819,6.6,447.04073788081905,2.4775465748248293,6.72708510751006,134.0,easy
2026-09-08 18:40:53+00:00,206.0,51.047326,3.707795,6.6,448.8902411420383,2.4134136782959033,6.905847437822968,138.0,easy
2026-09-08 18:40:54+00:00,207.0,51.047319,3.707765,6.6,451.12720221697674,2.4130321457299737,6.906939344409265,138.0,easy
2026-09-08 18:40:55+00:00,208.0,51.047312,3.707735,6.6,453.36416358932325,2.4023590116757307,6.937625303156115,132.0,easy
2026-09-08 18:40:56+00:00,209.0,51.047304,3.707709,6.6,455.38772790194184,2.4161263379599274,6.8980940296107525,132.0,easy
2026-09-08 18:40:57+00:00,210.0,51.047295,3.707675,6.6,457.96662028898874,2.5858263466362477,6.445392858011278,138.0,easy
2026-09-08 18:40:58+00:00,211.0,51.047286,3.707645,6.6,460.2903369031339,2.528978125886907,6.590277114722652,138.0,easy
2026-09-08 18:40:59+00:00,212.0,51.047276,3.707615,6.6,462.66406448444434,2.4870480177964756,6.7013851551741785,134.0,easy
2026-09-08 18:41:00+00:00,213.0,51.047267,3.707589,6.7,464.738916535138,2.4239915252991007,6.875711607370466,134.0,easy
2026-09-08 18:41:01+00:00,214.0,51.047256,3.707553,6.7,467.53702753190146,2.510543497647636,6.63866875132147,140.0,easy
2026-09-08 18:41:02+00:00,215.0,51.047247,3.707522,6.7,469.9240264054827,2.533339312541394,6.578931840735937,140.0,easy
2026-09-08 18:41:03+00:00,216.0,51.047238,3.707489,6.7,472.4386399662817,2.5665565272666675,6.493785151272838,134.0,easy
2026-09-08 18:41:04+00:00,217.0,51.047217,3.707433,6.7,476.9969084182556,2.576423341991726,6.468916188976286,134.0,easy
2026-09-08 18:41:05+00:00,218.0,51.04721,3.707405,6.7,479.1033606595678,2.6421778918272607,6.307927531382242,140.0,easy
2026-09-08 18:41:06+00:00,219.0,51.047203,3.707377,6.7,481.2098131757525,2.662200161897823,6.260485933854565,140.0,easy
2026-09-08 18:41:07+00:00,220.0,51.047192,3.707351,6.7,483.4006107603056,2.655152111631147,6.277104273482767,134.0,easy
2026-09-08 18:41:08+00:00,221.0,51.047179,3.707311,6.7,486.5483936067529,2.757973394665184,6.04308464284152,134.0,easy
2026-09-08 18:41:09+00:00,222.0,51.04717,3.707277,6.7,489.1272919050977,2.761213248100029,6.035994024776927,134.0,easy
2026-09-08 18:41:10+00:00,223.0,51.047162,3.70724,6.6,491.86251149832333,2.7605740272258568,6.037391680966895,134.0,easy
2026-09-08 18:41:11+00:00,224.0,51.047155,3.707211,6.6,494.0340780318178,2.7902119061220216,5.973261969851905,138.0,easy
2026-09-08 18:41:12+00:00,225.0,51.047155,3.70716,6.6,497.5992886663977,2.672351195200513,6.236705226693128,138.0,easy
2026-09-08 18:41:13+00:00,226.0,51.047165,3.707126,6.6,500.2233393316013,2.6979116815505853,6.177617592391958,136.0,easy
2026-09-08 18:41:14+00:00,227.0,51.047178,3.707101,6.6,502.4913461589116,2.73504138531182,6.0937530072388695,136.0,easy
2026-09-08 18:41:15+00:00,228.0,51.047197,3.707059,6.6,506.10851745511576,2.754700297925105,6.050264952314533,140.0,easy
2026-09-08 18:41:16+00:00,229.0,51.047212,3.707026,6.6,508.95522625340186,2.7078761006455503,6.15488524851391,140.0,easy
2026-09-08 18:41:17+00:00,230.0,51.047225,3.706999,6.6,511.3326368138705,2.724174363362863,6.118061637615759,136.0,easy
2026-09-08 18:41:18+00:00,231.0,51.047239,3.706963,6.6,514.291818558112,2.708555382350497,6.153341657796657,136.0,easy
2026-09-08 18:41:19+00:00,232.0,51.047254,3.706931,6.6,517.0821763462633,2.706694819975577,6.157571420193228,140.0,easy
2026-09-08 18:41:20+00:00,233.0,51.047267,3.706902,6.6,519.5720358828265,2.6567075556131843,6.2734291666588415,140.0,easy
2026-09-08 18:41:21+00:00,234.0,51.04728,3.70687,6.6,522.2354339554298,2.6418660858956162,6.308672023781447,138.0,easy
2026-09-08 18:41:22+00:00,235.0,51.047292,3.70684,6.6,524.7211152291821,2.617377826037088,6.367696134990678,138.0,easy
2026-09-08 18:41:23+00:00,236.0,51.047308,3.706816,6.6,527.1665351164361,2.581955791983277,6.4550550084610485,144.0,easy
2026-09-08 18:41:24+00:00,237.0,51.047325,3.706786,6.6,529.9899073555406,2.5727276622932864,6.478208677482124,144.0,easy
2026-09-08 18:41:25+00:00,238.0,51.047339,3.706758,6.6,532.4908422335808,2.5653971139218656,6.496719972210229,136.0,easy
2026-09-08 18:41:26+00:00,239.0,51.047351,3.706734,6.6,534.6345003314515,2.543733514754796,6.552049013779359,136.0,easy
2026-09-08 18:41:27+00:00,240.0,51.047361,3.706697,6.6,537.4499020005956,2.516854710843193,6.622021761869211,142.0,easy
2026-09-08 18:41:28+00:00,241.0,51.047367,3.706664,6.6,539.8513306200357,2.5288106492564717,6.590713571839413,142.0,easy
2026-09-08 18:41:29+00:00,242.0,51.047372,3.706638,6.6,541.7520135494681,2.528917117637713,6.590436100268548,138.0,easy
2026-09-08 18:41:30+00:00,243.0,51.047385,3.706599,6.6,544.8378543348651,2.54184313079262,6.556921811878108,138.0,easy
2026-09-08 18:41:31+00:00,244.0,51.047394,3.706563,6.6,547.5461411878014,2.526453970690099,6.596861395465748,142.0,easy
2026-09-08 18:41:32+00:00,245.0,51.0474,3.706532,6.6,549.8135935226987,2.497768710019907,6.672622088589553,142.0,easy
2026-09-08 18:41:33+00:00,246.0,51.047407,3.706496,6.6,552.4478212794342,2.5262876348500027,6.597295746038927,136.0,easy
2026-09-08 18:41:34+00:00,247.0,51.047405,3.706462,6.6,554.8349970089114,2.5464844479318653,6.544970922639071,136.0,easy
2026-09-08 18:41:35+00:00,248.0,51.047397,3.706426,6.6,557.5041956216738,2.520644549371541,6.6120654222437185,140.0,easy
2026-09-08 18:41:36+00:00,249.0,51.047385,3.706393,6.6,560.1691907199958,2.509865960290379,6.640460857415038,140.0,easy
2026-09-08 18:41:37+00:00,250.0,51.04737,3.706363,6.6,562.8487621910717,2.523161895826813,6.605468596459277,138.0,easy
2026-09-08 18:41:38+00:00,251.0,51.047357,3.706339,6.6,565.0633446767879,2.4527936780226596,6.794972938817521,138.0,easy
2026-09-08 18:41:39+00:00,252.0,51.047343,3.706313,6.6,567.4564380058395,2.438974923671101,6.833471924992284,138.0,easy
2026-09-08 18:41:40+00:00,253.0,51.047326,3.706281,6.6,570.3851567563311,2.4511873015690764,6.799425998983369,138.0,easy
2026-09-08 18:41:41+00:00,254.0,51.047312,3.706254,6.6,572.8317670504297,2.417995776254085,6.892760868460392,134.0,easy
2026-09-08 18:41:42+00:00,255.0,51.047301,3.706224,6.6,575.2595702411688,2.4150210956797764,6.90125096483903,134.0,easy
2026-09-08 18:41:43+00:00,256.0,51.0473,3.706192,6.6,577.4993200243915,2.3905831429612343,6.97179962794414,140.0,easy
2026-09-08 18:41:44+00:00,257.0,51.047299,3.706162,6.7,579.5994419868704,2.3555516754854695,7.075483352846307,140.0,easy
2026-09-08 18:41:45+00:00,258.0,51.0473,3.706133,6.7,581.6297595052051,2.3170134248323917,7.193167932495816,136.0,easy
2026-09-08 18:41:46+00:00,259.0,51.047293,3.706099,6.7,584.130765042868,2.3086633004045667,7.219184652758168,136.0,easy
2026-09-08 18:41:47+00:00,260.0,51.047284,3.706067,6.6,586.581403046235,2.2796899910786528,7.310935579789384,138.0,easy
2026-09-08 18:41:48+00:00,261.0,51.047275,3.70604,6.6,588.7177579232456,2.2178876180257467,7.514657880412582,138.0,easy
2026-09-08 18:41:49+00:00,262.0,51.047267,3.706009,6.6,591.0603134441081,2.165098541559525,7.697879032638224,142.0,easy
2026-09-08 18:41:50+00:00,263.0,51.047274,3.705978,6.5,593.3629427660925,2.1546328646585806,7.735269864319849,142.0,easy
2026-09-08 18:41:51+00:00,264.0,51.04729,3.705961,6.4,595.502465852278,2.133081555138552,7.8134221481204,134.0,easy
2026-09-08 18:41:52+00:00,265.0,51.047306,3.705945,6.4,597.6039635635577,2.1091478136635797,7.902085647433475,134.0,easy
2026-09-08 18:41:53+00:00,266.0,51.047321,3.705927,6.4,599.6932941828564,2.116428062293831,7.874903458142097,140.0,easy
2026-09-08 18:41:54+00:00,267.0,51.047335,3.70591,6.4,601.6517878720193,2.0831398077968397,8.00074320709832,140.0,easy
2026-09-08 18:41:55+00:00,268.0,51.047349,3.705892,6.4,603.6534710267173,2.0711517377983006,8.047052450335608,134.0,easy
2026-09-08 18:41:56+00:00,269.0,51.047361,3.705878,6.4,605.3082451738226,2.036355621325342,8.184556023578695,134.0,easy
2026-09-08 18:41:57+00:00,270.0,51.047378,3.70586,6.4,607.5790632110476,2.04868292866155,8.135308023265157,138.0,easy
2026-09-08 18:41:58+00:00,271.0,51.047391,3.705842,6.4,609.4955433514698,2.0358832409738117,8.186455063451772,138.0,easy
2026-09-08 18:41:59+00:00,272.0,51.047403,3.705826,6.4,611.2366591918241,2.0238144370257647,8.235274124815668,138.0,easy
2026-09-08 18:42:00+00:00,273.0,51.047419,3.705809,6.4,613.3761804396125,2.0238142519531523,8.235274877910323,138.0,easy
2026-09-08 18:42:01+00:00,274.0,51.047433,3.705791,6.4,615.3778621598206,2.0123174137911777,8.28232492172639,142.0,easy
2026-09-08 18:42:02+00:00,275.0,51.04745,3.705773,6.4,617.6486791132095,2.0181742443530655,8.258289249949891,142.0,easy
2026-09-08 18:42:03+00:00,276.0,51.047462,3.70576,6.4,619.2630922431257,2.0156009049043577,8.268832697045012,142.0,easy
2026-09-08 18:42:04+00:00,277.0,51.047479,3.705736,6.4,621.7905573740314,2.0391645705518036,8.173281797533694,142.0,easy
2026-09-08 18:42:05+00:00,278.0,51.047492,3.705714,6.5,623.9011913806996,2.027065112680788,8.222067738428514,136.0,easy
2026-09-08 18:42:06+00:00,279.0,51.047506,3.705697,6.5,625.8596824076643,2.0282231162577733,8.217373391058642,136.0,easy
2026-09-08 18:42:07+00:00,280.0,51.047522,3.705681,6.5,627.9611773428549,2.0413610805293363,8.164487324479072,140.0,easy
2026-09-08 18:42:08+00:00,281.0,51.047536,3.705665,6.5,629.878055389724,2.0380146917794923,8.177893286978303,140.0,easy
2026-09-08 18:42:09+00:00,282.0,51.04755,3.705646,6.5,631.9244015373151,2.076079872496034,8.027950604149265,138.0,easy
2026-09-08 18:42:10+00:00,283.0,51.047563,3.705627,6.5,633.8874846002825,2.1283007587002722,7.830973417894565,138.0,easy
2026-09-08 18:42:11+00:00,284.0,51.047578,3.705611,6.4,635.8957137320995,2.209234354696494,7.544091748906532,142.0,easy
2026-09-08 18:42:12+00:00,285.0,51.047593,3.705593,6.4,637.9850399012593,2.040736679302779,8.16698540076266,142.0,easy
2026-09-08 18:42:13+00:00,286.0,51.047608,3.705579,6.4,639.9188900953362,2.095184833324861,7.954747667879133,132.0,easy
2026-09-08 18:42:14+00:00,287.0,51.047624,3.705568,6.4,641.857075399764,2.112633438595437,7.889048029906849,132.0,easy
2026-09-08 18:42:15+00:00,288.0,51.047639,3.70555,6.4,643.9464008163048,2.138010706079553,7.795408423014005,142.0,easy
2026-09-08 18:42:16+00:00,289.0,51.047658,3.705529,6.4,646.519060247261,2.1265969285407054,7.837247596376206,142.0,easy
2026-09-08 18:42:17+00:00,290.0,51.047676,3.705496,6.4,649.5731904937135,2.117938734585084,7.869286488087088,136.0,easy
2026-09-08 18:42:18+00:00,291.0,51.047696,3.705471,6.4,652.401607563573,2.1379153164264952,7.795756239084736,136.0,easy
2026-09-08 18:42:19+00:00,292.0,51.047696,3.705471,6.4,652.401607563573,2.141708949881981,7.78194752727026,142.0,easy
2026-09-08 18:42:20+00:00,293.0,51.047718,3.705448,6.4,655.3289638805724,2.141708696909065,7.781948446453135,142.0,easy
2026-09-08 18:42:21+00:00,294.0,51.047734,3.705429,6.4,657.5491839865957,2.1350556851708333,7.806197647408483,136.0,easy
2026-09-08 18:42:22+00:00,295.0,51.047752,3.705408,6.3,660.031337934048,2.1625876019634545,7.706816894508544,136.0,easy
2026-09-08 18:42:23+00:00,296.0,51.047765,3.705394,6.3,661.7770093178344,2.1555532258659134,7.7319671194718245,140.0,easy
2026-09-08 18:42:24+00:00,297.0,51.047778,3.705376,6.3,663.6934825560913,2.101490492189911,7.930878930267606,140.0,easy
2026-09-08 18:42:25+00:00,298.0,51.047794,3.705356,6.3,665.9562143466799,2.100336984199096,7.935234579998612,138.0,easy
2026-09-08 18:42:26+00:00,299.0,51.04781,3.705341,6.3,668.0213479803291,2.0646306593490023,8.072468841435215,138.0,easy
2026-09-08 18:42:27+00:00,300.0,51.047825,3.705323,6.3,670.1106703548951,2.2822073506175045,7.302871346092681,140.0,easy
2026-09-08 18:42:28+00:00,301.0,51.047837,3.705305,6.3,671.9447253728986,2.2627029401161516,7.365821810357092,140.0,easy
2026-09-08 18:42:29+00:00,302.0,51.047854,3.705285,6.3,674.2958894292157,2.294119600336688,7.2649510793685925,140.0,easy
2026-09-08 18:42:30+00:00,303.0,51.047866,3.705264,6.3,676.2796992042934,2.278528635219308,7.314661930971301,140.0,easy
2026-09-08 18:42:31+00:00,304.0,51.047868,3.705239,6.3,678.0414176301094,2.305746226624359,7.228317875669636,136.0,easy
2026-09-08 18:42:32+00:00,305.0,51.047885,3.705205,6.3,681.0782452566997,2.3370356141043915,7.1315415845957215,136.0,easy
2026-09-08 18:42:33+00:00,306.0,51.047903,3.705189,6.3,683.3710674538078,2.339510949082933,7.123996010020748,140.0,easy
2026-09-08 18:42:34+00:00,307.0,51.047931,3.705175,6.3,686.6347178228353,2.378829595151021,7.006246559501281,140.0,easy
2026-09-08 18:42:35+00:00,308.0,51.047953,3.705161,6.3,689.2695079823145,2.390261131408528,6.972738855877797,140.0,easy
2026-09-08 18:42:36+00:00,309.0,51.047977,3.705156,6.3,691.9609779916459,2.41785596837661,6.893159429118912,128.0,easy
2026-09-08 18:42:37+00:00,310.0,51.047996,3.705145,6.3,694.2092674623375,2.433702548924455,6.848275962907749,128.0,easy
2026-09-08 18:42:38+00:00,311.0,51.048015,3.705139,6.3,696.3632027171997,2.4859864078399,6.704246899382088,108.0,easy
2026-09-08 18:42:39+00:00,312.0,51.048036,3.705132,6.3,698.749016767657,2.585567831283688,6.446037294017526,108.0,easy
2026-09-08 18:42:40+00:00,313.0,51.048055,3.705119,6.3,701.0488785829237,2.5594509088136808,6.511813377343406,142.0,easy
2026-09-08 18:42:41+00:00,314.0,51.048074,3.705096,6.3,703.7037919075943,2.6764484525787124,6.227157728596871,142.0,easy
2026-09-08 18:42:42+00:00,315.0,51.048083,3.705067,6.2,705.964587326023,2.6758906413221086,6.2284558304789215,136.0,easy
2026-09-08 18:42:43+00:00,316.0,51.048081,3.705035,6.1,708.2125648985477,2.693032170975214,6.18881083051869,136.0,easy
2026-09-08 18:42:44+00:00,317.0,51.04808,3.704998,6.0,710.8014276630824,2.6998608933836676,6.173157553231846,136.0,easy
2026-09-08 18:42:45+00:00,318.0,51.048073,3.70496,5.9,713.5694953218918,2.805494313243004,5.940723739126342,136.0,easy
2026-09-08 18:42:46+00:00,319.0,51.048057,3.704921,5.8,716.8249350993648,2.93329688480572,5.681888782890977,134.0,easy
2026-09-08 18:42:47+00:00,320.0,51.048041,3.704893,5.7,719.4700088889049,2.986050190695245,5.58150921863311,134.0,easy
2026-09-08 18:42:48+00:00,321.0,51.048012,3.704858,5.7,723.5177942424884,3.001223140730232,5.553291403254833,134.0,easy
2026-09-08 18:42:49+00:00,322.0,51.047985,3.70484,5.6,726.7730774426669,2.9869928877921565,5.579747690322047,134.0,easy
2026-09-08 18:42:50+00:00,323.0,51.047959,3.704839,5.6,729.6649905469427,3.006921293662222,5.542767847564051,138.0,easy
2026-09-08 18:42:51+00:00,324.0,51.047934,3.704843,5.5,732.4588913924009,3.0317294777301114,5.497412216061303,138.0,easy
2026-09-08 18:42:52+00:00,325.0,51.047904,3.70487,5.5,736.2916821609825,3.028033193230391,5.5041228424864785,138.0,easy
2026-09-08 18:42:53+00:00,326.0,51.047878,3.704911,5.5,740.3626559892855,2.994744225862742,5.565305551884066,138.0,easy
2026-09-08 18:42:54+00:00,327.0,51.047856,3.70494,5.4,743.5397696280858,2.9791079015910027,5.594515948135271,136.0,easy
2026-09-08 18:42:55+00:00,328.0,51.047839,3.704964,5.4,746.0672256938773,2.975458698603648,5.601377251342175,136.0,easy
2026-09-08 18:42:56+00:00,329.0,51.047821,3.704984,5.4,748.5086852244767,2.87439897110618,5.79831360719305,140.0,easy
2026-09-08 18:42:57+00:00,330.0,51.0478,3.704999,5.3,751.0684067309563,2.838323079612047,5.872011817958627,140.0,easy
2026-09-08 18:42:58+00:00,331.0,51.047779,3.705016,5.3,753.6885070644994,2.8007537415497983,5.950779041874692,136.0,easy
2026-09-08 18:42:59+00:00,332.0,51.04776,3.705036,5.3,756.2219255615383,2.8961995567091887,5.754667915771727,136.0,easy
2026-09-08 18:43:00+00:00,333.0,51.047745,3.705058,5.2,758.490658709833,2.829300184432583,5.890738196805785,144.0,easy
2026-09-08 18:43:01+00:00,334.0,51.047722,3.705081,5.2,761.5115536232298,2.6430884079644947,6.305754516740537,144.0,easy
2026-09-08 18:43:02+00:00,335.0,51.047702,3.7051,5.2,764.1018893679596,2.5874368728317756,6.44138098272756,136.0,easy
2026-09-08 18:43:03+00:00,336.0,51.047681,3.705114,5.1,766.6337788090812,2.568956969899337,6.487717335070715,136.0,easy
2026-09-08 18:43:04+00:00,337.0,51.047658,3.705127,4.9,769.3479236368477,2.5634370991048487,6.501687391700253,142.0,easy
2026-09-08 18:43:05+00:00,338.0,51.047639,3.705141,4.9,771.6762966701897,2.544875979485092,6.549107619004229,142.0,easy
2026-09-08 18:43:06+00:00,339.0,51.047605,3.705168,4.9,775.9018847430387,2.5258037121993366,6.598559732163119,136.0,easy
2026-09-08 18:43:08+00:00,341.0,51.047586,3.705197,4.9,778.8299026585381,2.4065333188037696,6.925591487323047,142.0,easy
2026-09-08 18:43:09+00:00,342.0,51.04757,3.70522,4.9,781.2278948054803,2.231703993989826,7.468134981857566,142.0,easy
2026-09-08 18:43:10+00:00,343.0,51.047555,3.705242,4.9,783.4966322302176,2.155688096467994,7.731483369033912,134.0,easy
2026-09-08 18:43:11+00:00,344.0,51.047537,3.70526,4.9,785.8608135696943,2.045087692056569,8.149609785146392,134.0,easy
2026-09-08 18:43:12+00:00,345.0,51.047518,3.705273,4.9,788.1606794014973,1.8863446242000457,8.83543041544416,136.0,easy
2026-09-08 18:43:13+00:00,346.0,51.047498,3.705284,4.9,790.5137679930399,1.7250255188274692,9.661692818315695,136.0,easy
2026-09-08 18:43:14+00:00,347.0,51.04748,3.705277,4.9,792.5742266202319,1.4325794735094857,11.634025877696837,136.0,easy
2026-09-08 18:43:15+00:00,348.0,51.047478,3.705262,4.9,793.6461341308355,1.344487170414468,12.396300264827962,136.0,easy
2026-09-08 18:43:16+00:00,349.0,51.047483,3.70526,4.9,794.2194184968372,1.2515469439741154,13.316852992940047,116.0,easy
2026-09-08 18:43:17+00:00,350.0,51.047496,3.705267,4.9,795.7455316762614,1.100437030179326,15.145497842753151,116.0,easy
2026-09-08 18:43:18+00:00,351.0,51.047504,3.705273,5.0,796.729015455623,0.9538482393716772,17.473080075762788,116.0,easy
2026-09-08 18:43:19+00:00,352.0,51.047508,3.705276,5.0,797.2207573333981,0.8008965209147422,20.81001256895319,116.0,easy
2026-09-08 18:43:20+00:00,353.0,51.047508,3.705275,5.0,797.290662891524,0.6522325029693808,25.553259904695498,0.0,easy
2026-09-08 18:43:21+00:00,354.0,51.047507,3.705274,5.0,797.4220063299213,0.5101859204306198,32.667829509288005,0.0,easy
2026-09-08 18:43:22+00:00,355.0,51.047506,3.705274,5.0,797.5332012570054,0.37748238299596004,44.15217084937455,0.0,easy
2026-09-08 18:43:23+00:00,356.0,51.047506,3.705273,5.0,797.6031068181499,0.3134348773808428,53.17425682150756,0.0,easy
2026-09-08 18:43:24+00:00,357.0,51.047505,3.705272,5.0,797.7344502581702,0.27521591964740205,60.55851234194401,0.0,easy
2026-09-08 18:43:25+00:00,358.0,51.047505,3.705271,5.0,797.8043558207928,0.18223127060793967,91.45887317289284,0.0,easy
2026-09-08 18:43:26+00:00,359.0,51.047505,3.705272,5.0,797.8742613834154,0.1285748723447522,129.62615760549048,0.0,easy
2026-09-08 18:43:27+00:00,360.0,51.047505,3.705271,5.0,797.944166946038,0.10770126733219566,154.7490301600603,0.0,easy
2026-09-08 18:43:28+00:00,361.0,51.047503,3.705271,5.0,798.1665567994991,0.13649513978631905,122.10446974711382,0.0,easy
2026-09-08 18:43:29+00:00,362.0,51.047503,3.70527,5.0,798.2364623651712,0.31227887524117187,53.37109868157127,0.0,easy
2026-09-08 18:43:30+00:00,363.0,51.047502,3.70527,5.0,798.3476572915481,0.45518305063284625,36.615305959865616,0.0,easy
2026-09-08 18:43:31+00:00,364.0,51.047502,3.70527,5.0,798.3476572915481,0.5866324953669702,28.410745736546303,0.0,easy
2026-09-08 18:43:32+00:00,365.0,51.047501,3.705269,5.0,798.4790007353804,0.7207865697084989,23.122887366515464,0.0,easy
2026-09-08 18:43:33+00:00,366.0,51.047502,3.705271,5.0,798.6576385407942,0.9108810694742487,18.297302716244282,0.0,easy
2026-09-08 18:43:34+00:00,367.0,51.047503,3.705273,5.0,798.836276343381,1.0568573879967187,15.770024277597626,0.0,easy
2026-09-08 18:43:35+00:00,368.0,51.047502,3.70528,5.0,799.3380899883188,1.18872959030262,14.020570197486007,0.0,easy
2026-09-08 18:43:36+00:00,369.0,51.047495,3.705318,5.0,802.1061894585389,1.3358849369447015,12.476124406930548,0.0,easy
2026-09-08 18:43:37+00:00,370.0,51.047483,3.705344,5.0,804.3609470164982,1.484100417151519,11.230147552047407,0.0,easy
2026-09-08 18:43:38+00:00,371.0,51.047476,3.705371,5.0,806.4025942486545,1.6324300628199448,10.20972784455819,134.0,easy
2026-09-08 18:43:39+00:00,372.0,51.047464,3.705395,5.0,808.5462488037978,1.7678833360012378,9.42746974716379,134.0,easy
2026-09-08 18:43:40+00:00,373.0,51.04744,3.705412,5.0,811.4675718629067,1.8989549341597274,8.776757345240283,136.0,easy
2026-09-08 18:43:41+00:00,374.0,51.047422,3.705427,5.0,813.7271222033663,2.0183893496064402,8.257409141559556,136.0,easy
2026-09-08 18:43:42+00:00,375.0,51.047407,3.705444,5.0,815.7751108005774,2.161300027960081,7.711408157615819,134.0,easy
2026-09-08 18:43:43+00:00,376.0,51.047387,3.705458,5.0,818.2048308536697,2.2726165575978,7.33369059155481,134.0,easy
2026-09-08 18:43:44+00:00,377.0,51.047367,3.705466,5.0,820.4979686224441,2.249132050975738,7.410265955454322,140.0,easy
2026-09-08 18:43:45+00:00,378.0,51.047346,3.705467,5.0,822.8341082338474,2.238103653880748,7.4467805089221795,140.0,easy
2026-09-08 18:43:46+00:00,379.0,51.047328,3.705472,5.0,824.8659073315667,2.2210476733671345,7.503966198708289,140.0,easy
2026-09-08 18:43:47+00:00,380.0,51.047311,3.705485,5.0,826.9633247477764,2.24361494804637,7.428487977038656,140.0,easy
2026-09-08 18:43:48+00:00,381.0,51.047296,3.7055,5.0,828.9334787848909,2.2056051125320497,7.556505274660531,134.0,easy
2026-09-08 18:43:49+00:00,382.0,51.047283,3.705526,5.0,831.2557767627823,2.1838920617173003,7.631634804130777,134.0,easy
2026-09-08 18:43:50+00:00,383.0,51.047276,3.705555,5.0,833.4273383522858,2.317316833617117,7.1922261232839455,138.0,easy
2026-09-08 18:43:51+00:00,384.0,51.047261,3.70558,5.0,835.843170223175,2.1553354967442933,7.732748192493571,138.0,easy
2026-09-08 18:43:52+00:00,385.0,51.047246,3.705598,5.0,837.9325018247094,2.1739708890807816,7.666462669936588,116.0,easy
2026-09-08 18:43:53+00:00,386.0,51.047233,3.705613,5.0,839.7183093491615,2.141002476449661,7.784515361376105,116.0,easy
2026-09-08 18:43:54+00:00,387.0,51.047215,3.705634,5.0,842.2004730244932,2.153679478116644,7.73869409817722,134.0,easy
2026-09-08 18:43:55+00:00,388.0,51.047198,3.705654,5.0,844.5516485508873,2.200255140185123,7.574879095732681,134.0,easy
2026-09-08 18:43:56+00:00,389.0,51.047183,3.705668,5.0,846.4855031291257,2.2284720384858945,7.478966026421678,112.0,easy
2026-09-08 18:43:57+00:00,390.0,51.047148,3.705684,5.0,850.5348633048341,2.216287258561748,7.520084141747241,112.0,easy
2026-09-08 18:43:58+00:00,391.0,51.047148,3.705684,5.0,850.5348633048341,2.234281363842768,7.459520065996282,112.0,easy
2026-09-08 18:43:59+00:00,392.0,51.047129,3.705705,5.0,853.1075319586557,2.233092908506676,7.463490033566079,112.0,easy
2026-09-08 18:44:00+00:00,393.0,51.047119,3.705726,5.0,854.9491453805922,2.2359486360297853,7.4539577511317425,134.0,easy
2026-09-08 18:44:01+00:00,394.0,51.047104,3.705747,5.0,857.1710995033163,2.256188710998233,7.387088936941197,134.0,easy
2026-09-08 18:44:02+00:00,395.0,51.047083,3.705769,5.0,859.9671518505531,2.2574408962007193,7.382991375196898,136.0,easy
2026-09-08 18:44:03+00:00,396.0,51.047066,3.70579,5.0,862.3605593621792,2.242840410929069,7.43105331322379,136.0,easy
2026-09-08 18:44:04+00:00,397.0,51.04705,3.705807,5.0,864.5000856412084,2.259010333674505,7.377862074476072,136.0,easy
2026-09-08 18:44:05+00:00,398.0,51.047032,3.705827,5.0,866.9415588099273,2.1379094055509915,7.795777792731708,136.0,easy
2026-09-08 18:44:06+00:00,399.0,51.047016,3.70585,5.0,869.3395638507751,2.2837962715919415,7.2977904701845455,134.0,easy
2026-09-08 18:44:07+00:00,400.0,51.047001,3.705869,5.0,871.4717313651562,2.273341144813013,7.33135310760301,134.0,easy
2026-09-08 18:44:08+00:00,401.0,51.046989,3.705892,4.9,873.5611400141349,2.291276806946635,7.27396472400763,138.0,easy
2026-09-08 18:44:09+00:00,402.0,51.046975,3.70592,4.9,876.0620864675041,2.2943115533080514,7.264343259151463,138.0,easy
2026-09-08 18:44:10+00:00,403.0,51.04696,3.705939,4.9,878.1942547148234,2.2501192862483785,7.407014716297544,132.0,easy
2026-09-08 18:44:11+00:00,404.0,51.046945,3.705959,4.9,880.3706581342433,2.2499265508910113,7.407649223067467,132.0,easy
2026-09-08 18:44:12+00:00,405.0,51.046928,3.705976,4.9,882.6035043880989,2.250052956304167,7.407233069768528,144.0,easy
2026-09-08 18:44:13+00:00,406.0,51.046914,3.705998,4.9,884.7918073787132,2.2588030510277473,7.3785391156981985,144.0,easy
2026-09-08 18:44:14+00:00,407.0,51.046899,3.706023,4.9,887.207649130851,2.2474677744727822,7.415753345151471,134.0,easy
2026-09-08 18:44:15+00:00,408.0,51.046886,3.706045,4.8,889.3182974847917,2.2605057867099196,7.372981199452875,134.0,easy
2026-09-08 18:44:16+00:00,409.0,51.04688,3.706076,4.8,891.5857728029372,2.257260990878899,7.3835798049109265,136.0,easy
2026-09-08 18:44:17+00:00,410.0,51.046869,3.706101,4.8,893.7189411442789,2.2544456764855445,7.392800296988453,136.0,easy
2026-09-08 18:44:18+00:00,411.0,51.04685,3.706117,4.8,896.1094576255445,2.26771340865357,7.349547170761016,136.0,easy
2026-09-08 18:44:19+00:00,412.0,51.046831,3.706122,4.8,898.250879985771,2.2865166063308,7.289108078428462,136.0,easy
2026-09-08 18:44:20+00:00,413.0,51.046808,3.706126,4.7,900.8236045753436,2.304707193871564,7.231576623262565,140.0,easy
2026-09-08 18:44:21+00:00,414.0,51.04679,3.70614,4.7,903.0515804678669,2.314232628481524,7.201811287918123,140.0,easy
2026-09-08 18:44:22+00:00,415.0,51.046772,3.706157,4.7,905.379318165805,2.306052507010713,7.227357840291032,140.0,easy
2026-09-08 18:44:23+00:00,416.0,51.046755,3.706168,4.7,907.4200548773184,2.3154225810302416,7.198110100166198,140.0,easy
2026-09-08 18:44:24+00:00,417.0,51.046735,3.706183,4.7,909.8787716147872,2.313684856660916,7.203516338314032,134.0,easy
2026-09-08 18:44:25+00:00,418.0,51.046715,3.706193,4.7,912.2099558446268,2.3305281123396435,7.151454890597656,134.0,easy
2026-09-08 18:44:26+00:00,419.0,51.046694,3.706204,4.7,914.6684072292052,2.3293247197726905,7.155149526895117,144.0,easy
2026-09-08 18:44:27+00:00,420.0,51.046673,3.706217,4.7,917.1741122961723,2.344727604182977,7.108146224292089,144.0,easy
2026-09-08 18:44:28+00:00,421.0,51.046653,3.706227,4.7,919.5052968059359,2.325019342961609,7.168399143482683,134.0,easy
2026-09-08 18:44:29+00:00,422.0,51.046633,3.706235,4.7,921.7984367360115,2.324844790741817,7.168937355748651,134.0,easy
2026-09-08 18:44:30+00:00,423.0,51.046613,3.70624,4.7,924.0496362002452,2.3259617693066135,7.165494672612407,142.0,easy
2026-09-08 18:44:31+00:00,424.0,51.046593,3.706244,4.7,926.2910456528507,2.354060542479403,7.079965177578899,142.0,easy
2026-09-08 18:44:32+00:00,425.0,51.046572,3.706251,4.7,928.6768628293732,2.3322213273430967,7.146262865906297,136.0,easy
2026-09-08 18:44:33+00:00,426.0,51.046551,3.706257,4.7,931.0493284221345,2.3409569345482697,7.119595589605669,136.0,easy
2026-09-08 18:44:34+00:00,427.0,51.04653,3.706263,4.7,933.4217940485154,2.333011871155025,7.143841346343151,140.0,easy
2026-09-08 18:44:35+00:00,428.0,51.04651,3.70627,4.7,935.6988947197674,2.3241292593464924,7.171144461798594,140.0,easy
2026-09-08 18:44:36+00:00,429.0,51.046491,3.70628,4.7,937.9242523289938,2.3114784892023152,7.210392285509993,130.0,easy
2026-09-08 18:44:37+00:00,430.0,51.04647,3.706283,4.7,940.268744705404,2.314901989492743,7.199728862092679,130.0,easy
2026-09-08 18:44:38+00:00,431.0,51.046448,3.706279,4.7,942.7309630145093,2.320564669107954,7.182159966726325,140.0,easy
2026-09-08 18:44:39+00:00,432.0,51.046429,3.706275,4.7,944.8620915249335,2.476360824538926,6.730306222547288,140.0,easy
2026-09-08 18:44:40+00:00,433.0,51.046407,3.706271,4.7,947.3243098628508,2.482828227968664,6.712774761829806,134.0,easy
2026-09-08 18:44:41+00:00,434.0,51.046386,3.706269,4.7,949.6635852965305,2.413771375125418,6.904824060149722,134.0,easy
2026-09-08 18:44:42+00:00,435.0,51.046365,3.706263,4.7,952.0360511863696,2.426825004757196,6.867683757170686,138.0,easy
2026-09-08 18:44:43+00:00,436.0,51.046346,3.706258,4.7,954.1774741439706,2.438566922206418,6.834615246723123,138.0,easy
2026-09-08 18:44:44+00:00,437.0,51.046325,3.706261,4.7,956.5219665784026,2.4578660503749,6.780949948075685,138.0,easy
2026-09-08 18:44:45+00:00,438.0,51.046304,3.706262,4.8,958.8581062368645,2.4753423310916935,6.733075444686559,138.0,easy
2026-09-08 18:44:46+00:00,439.0,51.046265,3.706241,4.8,963.4364580209345,2.6013607643874708,6.406903223433172,136.0,easy
2026-09-08 18:44:48+00:00,441.0,51.04624,3.706235,4.8,966.2477973268461,2.6150696771962147,6.373316478716574,136.0,easy
2026-09-08 18:44:49+00:00,442.0,51.04622,3.706217,4.8,968.8030137680719,2.5477172190366653,6.541803989128987,136.0,easy
2026-09-08 18:44:50+00:00,443.0,51.046202,3.706197,4.8,971.2445012836131,2.5426517146661327,6.554836657546357,136.0,easy
2026-09-08 18:44:51+00:00,444.0,51.046183,3.706178,4.8,973.7400466871983,2.5496851918873755,6.536754701991016,136.0,easy
2026-09-08 18:44:52+00:00,445.0,51.046162,3.706162,4.8,976.3292069936435,2.535623089942265,6.573006348134399,142.0,easy
2026-09-08 18:44:53+00:00,446.0,51.046129,3.706132,4.7,980.5556833688897,2.5426779607516394,6.55476899706947,142.0,easy
2026-09-08 18:44:54+00:00,447.0,51.046111,3.70612,4.7,982.7258853193574,2.364410598041985,7.0489730846531735,130.0,easy
2026-09-08 18:44:56+00:00,449.0,51.046089,3.706097,4.7,985.6532722745685,2.396770625963345,6.953801288334698,140.0,easy
2026-09-08 18:44:57+00:00,450.0,51.046073,3.706076,4.7,987.9598866075908,2.395927520639433,6.956248268402799,140.0,easy
2026-09-08 18:44:58+00:00,451.0,51.046056,3.706059,4.7,990.1927447690679,2.379722754752435,7.00361696898617,140.0,easy
2026-09-08 18:44:59+00:00,452.0,51.046039,3.706044,4.7,992.3544298782134,2.3379578919058432,7.128728333546003,140.0,easy
2026-09-08 18:45:00+00:00,453.0,51.046028,3.706014,4.7,994.7822828571972,2.3277788378923097,7.159901273850192,140.0,easy
2026-09-08 18:45:01+00:00,454.0,51.046019,3.705985,4.7,997.0431589260418,2.1878907351028896,7.617686934390207,140.0,easy
2026-09-08 18:45:02+00:00,455.0,51.046003,3.705964,4.7,999.349774670517,2.1729522263907195,7.6700566465513385,134.0,easy
2026-09-08 18:45:03+00:00,456.0,51.04599,3.705946,4.7,1001.2662795679386,2.206177364282687,7.554545222199594,134.0,easy
2026-09-08 18:45:04+00:00,457.0,51.045974,3.70592,4.7,1003.8096925346296,2.2623723447886883,7.366898161152769,144.0,easy
2026-09-08 18:45:05+00:00,458.0,51.045961,3.705896,4.7,1006.0243133277528,2.247018821144118,7.417235009264619,144.0,easy
2026-09-08 18:45:06+00:00,459.0,51.04595,3.705875,4.7,1007.9351506514856,2.3983437308750126,6.949240199437965,136.0,easy
2026-09-08 18:45:07+00:00,460.0,51.045936,3.705848,4.7,1010.3818042017414,2.2542313902653075,7.393503053253604,136.0,easy
2026-09-08 18:45:08+00:00,461.0,51.045923,3.705823,4.7,1012.6498471379357,2.278919848253197,7.31340625228296,140.0,easy
2026-09-08 18:45:09+00:00,462.0,51.045915,3.705798,4.7,1014.6109099664329,2.2572739194241263,7.383537515428634,140.0,easy
2026-09-08 18:45:10+00:00,463.0,51.045898,3.705771,4.7,1017.2822392612031,2.2500892652665754,7.407113541645253,138.0,easy
2026-09-08 18:45:11+00:00,464.0,51.045882,3.70575,4.7,1019.5888574463987,2.2643729583670282,7.360389376265107,138.0,easy
2026-09-08 18:45:12+00:00,465.0,51.045871,3.705726,4.7,1021.6651689247524,2.2395868544044246,7.441848765047717,134.0,easy
2026-09-08 18:45:13+00:00,466.0,51.045858,3.705665,4.7,1026.167900732193,2.2237628796714435,7.494803883554857,134.0,easy
2026-09-08 18:45:14+00:00,467.0,51.045858,3.705665,4.7,1026.167900732193,2.243967864728791,7.427319672726696,134.0,easy
2026-09-08 18:45:15+00:00,468.0,51.045847,3.705629,4.7,1028.9660805809951,2.219966658405515,7.507620262476129,134.0,easy
2026-09-08 18:45:16+00:00,469.0,51.045841,3.705603,4.7,1030.9022677174037,2.2070906736113187,7.551419099332283,136.0,easy
2026-09-08 18:45:17+00:00,470.0,51.045829,3.705578,4.7,1033.1011136495156,2.202955166860429,7.565595032249063,136.0,easy
2026-09-08 18:45:18+00:00,471.0,51.045819,3.705552,4.7,1035.231873943444,2.1755922882577923,7.660749101116406,136.0,easy
2026-09-08 18:45:19+00:00,472.0,51.045812,3.705523,4.7,1037.403495350696,2.1567256696985257,7.7277638509288895,136.0,easy
2026-09-08 18:45:20+00:00,473.0,51.045805,3.705497,4.7,1039.3807565228244,2.150122453019306,7.751496498844763,134.0,easy
2026-09-08 18:45:21+00:00,474.0,51.045797,3.705468,4.7,1041.5946686224174,1.9817578979192336,8.410041753418012,134.0,easy
2026-09-08 18:45:22+00:00,475.0,51.045789,3.705441,4.7,1043.681304077824,2.1396650967618105,7.789381007284812,136.0,easy
2026-09-08 18:45:23+00:00,476.0,51.04578,3.705415,4.7,1045.7562072421053,2.0892339814983227,7.977405505683924,136.0,easy
2026-09-08 18:45:24+00:00,477.0,51.045772,3.705391,4.7,1047.6552374693392,2.0943427270221,7.9579461621186685,134.0,easy
2026-09-08 18:45:25+00:00,478.0,51.045763,3.705362,4.7,1049.91612358507,2.1056840551634917,7.9150842339320535,134.0,easy
2026-09-08 18:45:26+00:00,479.0,51.045755,3.705336,4.7,1051.9397424918766,2.1043451849334973,7.920120133329445,140.0,easy
2026-09-08 18:45:27+00:00,480.0,51.045748,3.70531,4.7,1053.917005720042,2.0898098596887134,7.975207212941967,140.0,easy
2026-09-08 18:45:28+00:00,481.0,51.045741,3.705284,4.7,1055.8942692009814,2.1004199492322964,7.934921144106604,136.0,easy
2026-09-08 18:45:29+00:00,482.0,51.045734,3.705252,4.7,1058.26287718362,2.132904724715585,7.8140699270517615,136.0,easy
2026-09-08 18:45:30+00:00,483.0,51.045727,3.705225,4.7,1060.30459030347,2.1542919324484426,7.736494026473147,140.0,easy
2026-09-08 18:45:31+00:00,484.0,51.045717,3.705201,4.7,1062.317408622735,2.1708839525026815,7.677364166542698,140.0,easy
2026-09-08 18:45:32+00:00,485.0,51.045705,3.705173,4.7,1064.6863744769678,2.1981596817698192,7.582100065290853,134.0,easy
2026-09-08 18:45:33+00:00,486.0,51.045692,3.705151,4.7,1066.7970517174463,2.1934809225691074,7.598272907313864,134.0,easy
2026-09-08 18:45:34+00:00,487.0,51.045683,3.705127,4.7,1068.7506432460264,2.1903908469876376,7.608992107316239,138.0,easy
2026-09-08 18:45:35+00:00,488.0,51.045674,3.7051,4.7,1070.8870557613086,2.1770209222551586,7.655721861139396,138.0,easy
2026-09-08 18:45:36+00:00,489.0,51.045667,3.705063,4.7,1073.588239493151,2.2030528873887403,7.5652594461413605,138.0,easy
2026-09-08 18:45:37+00:00,490.0,51.045659,3.705031,4.7,1075.9956830645503,2.184255195626035,7.630366039664971,138.0,easy
2026-09-08 18:45:38+00:00,491.0,51.04565,3.705001,4.7,1078.3194665296453,2.1929163582595974,7.600229075720026,136.0,easy
2026-09-08 18:45:39+00:00,492.0,51.045639,3.704973,4.7,1080.6276326958864,2.2028718260356026,7.565881259946398,136.0,easy
2026-09-08 18:45:40+00:00,493.0,51.045629,3.704946,4.7,1082.8183374236064,2.1814751754914936,7.640089996858026,140.0,easy
2026-09-08 18:45:41+00:00,494.0,51.045622,3.70492,4.7,1084.795605196691,2.188252368745148,7.61642802480966,140.0,easy
2026-09-08 18:45:42+00:00,495.0,51.045614,3.704898,4.7,1086.5723195538692,2.1893483151244366,7.612615384920776,132.0,easy
2026-09-08 18:45:43+00:00,496.0,51.045603,3.704869,4.7,1088.9400625118124,2.1892076872694095,7.613104395524455,132.0,easy
2026-09-08 18:45:44+00:00,497.0,51.045595,3.704842,4.7,1091.0267051180103,2.1686719133267625,7.685195056129928,138.0,easy
2026-09-08 18:45:45+00:00,498.0,51.045588,3.704813,4.8,1093.1983356773635,2.1712867753600618,7.675939841665022,138.0,easy
2026-09-08 18:45:46+00:00,499.0,51.045575,3.70479,4.8,1095.3604860132687,2.1411179446914317,7.784095550639361,134.0,easy
2026-09-08 18:45:47+00:00,500.0,51.04556,3.704773,4.8,1097.40850210934,2.16131873818683,7.711341401059911,134.0,easy
2026-09-08 18:45:48+00:00,501.0,51.045556,3.704742,4.8,1099.6208372486233,2.167146041859878,7.690606145012302,136.0,easy
2026-09-08 18:45:49+00:00,502.0,51.045558,3.704714,4.8,1101.5908679728927,2.3104692104621107,7.21354199017143,136.0,easy
2026-09-08 18:45:50+00:00,503.0,51.045552,3.704685,4.8,1103.7251710703495,2.3324562674828484,7.145543047910211,136.0,easy
2026-09-08 18:45:51+00:00,504.0,51.045538,3.704659,4.8,1106.1183181930521,2.174606736953302,7.664221021414305,136.0,easy
2026-09-08 18:45:52+00:00,505.0,51.045524,3.704632,4.8,1108.5649846949511,2.224748965335341,7.491481927334874,138.0,easy
2026-09-08 18:45:53+00:00,506.0,51.04552,3.704606,4.8,1110.4362357000166,2.2148822102724055,7.524854635324763,138.0,easy
2026-09-08 18:45:54+00:00,507.0,51.045509,3.704573,4.8,1113.0474137686886,2.237478532394986,7.448861039496432,136.0,easy
2026-09-08 18:45:55+00:00,508.0,51.045501,3.704543,4.8,1115.3255280515043,2.2510257730853485,7.404031915557612,136.0,easy
2026-09-08 18:45:56+00:00,509.0,51.045486,3.704489,4.8,1119.4526433536223,2.23386578950912,7.460907788166216,136.0,easy
2026-09-08 18:45:57+00:00,510.0,51.045479,3.704461,4.8,1121.5591635661115,2.2760964948211897,7.3224780691804545,136.0,easy
2026-09-08 18:45:58+00:00,511.0,51.045479,3.704461,4.8,1121.5591635661115,2.2873236648522,7.286536191957606,136.0,easy
2026-09-08 18:45:59+00:00,512.0,51.04547,3.704423,4.9,1124.39793959804,2.276916655278234,7.319840464090259,136.0,easy
2026-09-08 18:46:00+00:00,513.0,51.045462,3.704397,4.9,1126.4215688314491,2.26731963945994,7.350823578909479,134.0,easy
2026-09-08 18:46:01+00:00,514.0,51.045455,3.704363,4.9,1128.922663999193,2.289131637889262,7.28078123197602,134.0,easy
2026-09-08 18:46:02+00:00,515.0,51.045445,3.704335,4.9,1131.1738887056197,2.255488013825968,7.389383833787314,140.0,easy
2026-09-08 18:46:03+00:00,516.0,51.045435,3.704312,4.9,1133.1288240912595,2.2503353296366653,7.406303606030855,140.0,easy
2026-09-08 18:46:04+00:00,517.0,51.045427,3.704277,4.9,1135.73231539521,2.1174816649067814,7.87098511542502,136.0,easy
2026-09-08 18:46:05+00:00,518.0,51.04542,3.704246,4.9,1138.035026043132,2.127368618782721,7.834404681687615,136.0,easy
2026-09-08 18:46:06+00:00,519.0,51.045413,3.704216,4.9,1140.272068022225,2.2581073892857284,7.380812243805009,144.0,easy
2026-09-08 18:46:07+00:00,520.0,51.045406,3.704185,5.0,1142.5747792868497,2.2244855620094257,7.492369000413429,144.0,easy
2026-09-08 18:46:08+00:00,521.0,51.045397,3.704157,5.0,1144.7732102683551,2.22058173693153,7.50554072812343,134.0,easy
2026-09-08 18:46:09+00:00,522.0,51.04539,3.704129,5.0,1146.8797339760777,2.1722910055848255,7.672391325019392,134.0,easy
2026-09-08 18:46:10+00:00,523.0,51.045384,3.704099,5.0,1149.0805579960538,2.164496858023343,7.700018877314039,140.0,easy
2026-09-08 18:46:11+00:00,524.0,51.045378,3.70407,5.0,1151.2148683272235,2.161715320802303,7.709926698618656,140.0,easy
2026-09-08 18:46:12+00:00,525.0,51.045366,3.704044,5.0,1153.4696928478518,2.1148665648447027,7.8807178399411315,134.0,easy
2026-09-08 18:46:13+00:00,526.0,51.045358,3.704019,5.0,1155.430774405397,2.0753960804491207,8.030595616746062,134.0,easy
2026-09-08 18:46:14+00:00,527.0,51.045352,3.703987,5.1,1157.765223028181,2.0528629642224776,8.118742924946854,144.0,easy
2026-09-08 18:46:15+00:00,528.0,51.045341,3.703965,5.1,1159.7302948854217,2.0177978927582867,8.259829553039967,144.0,easy
2026-09-08 18:46:16+00:00,529.0,51.045332,3.703944,5.1,1161.5070290829651,1.9937406822625288,8.359495703199007,134.0,easy
2026-09-08 18:46:17+00:00,530.0,51.045326,3.703915,5.1,1163.6413415759696,1.9959425447794132,8.350273764272421,134.0,easy
2026-09-08 18:46:18+00:00,531.0,51.045319,3.70389,5.1,1165.554553903294,1.9839048119447056,8.40094069348484,138.0,easy
2026-09-08 18:46:19+00:00,532.0,51.045314,3.703864,5.1,1167.4553138678805,1.9777328574337145,8.4271576942364,138.0,easy
2026-09-08 18:46:20+00:00,533.0,51.045311,3.70384,5.1,1169.1659672498688,1.9494903817390403,8.549242829194771,136.0,easy
2026-09-08 18:46:21+00:00,534.0,51.045303,3.703816,5.1,1171.0650124855624,1.983381526142396,8.40315715710165,136.0,easy
2026-09-08 18:46:22+00:00,535.0,51.045294,3.703795,5.1,1172.841747678224,1.9769087930113756,8.430670512259066,140.0,easy
2026-09-08 18:46:23+00:00,536.0,51.045286,3.703772,5.1,1174.679320502293,1.97664305099627,8.431803940659044,140.0,easy
2026-09-08 18:46:24+00:00,537.0,51.04527,3.703755,5.1,1176.8188721477688,2.005789770110371,8.30927892595123,140.0,easy
2026-09-08 18:46:25+00:00,538.0,51.045259,3.703732,5.1,1178.8391301752245,2.0771790017277763,8.023702652878496,140.0,easy
2026-09-08 18:46:26+00:00,539.0,51.045252,3.703705,5.1,1180.8808611887293,2.117278603750848,7.871739995454998,134.0,easy
2026-09-08 18:46:27+00:00,540.0,51.04525,3.703679,5.1,1182.7120485739376,2.168233906981096,7.686747547395484,134.0,easy
2026-09-08 18:46:28+00:00,541.0,51.045247,3.703644,5.1,1185.181497297533,2.2333655509081938,7.462578913644118,140.0,easy
2026-09-08 18:46:29+00:00,542.0,51.045242,3.703613,5.1,1187.4188549233518,2.2690804260597455,7.345119403990588,140.0,easy
2026-09-08 18:46:30+00:00,543.0,51.045234,3.703588,5.1,1189.379940650366,2.3068078319744623,7.224991364972606,136.0,easy
2026-09-08 18:46:31+00:00,544.0,51.045226,3.703559,5.1,1191.5938756346209,2.331898813653127,7.147251231093021,136.0,easy
2026-09-08 18:46:32+00:00,545.0,51.045216,3.703516,5.2,1194.7990266018865,2.329697566279138,7.154004411519272,136.0,easy
2026-09-08 18:46:33+00:00,546.0,51.045207,3.703483,5.2,1197.3137329595568,2.3397902669406934,7.1231455665718935,136.0,easy
2026-09-08 18:46:34+00:00,547.0,51.045195,3.70345,5.2,1199.9788224725971,2.3670570369575126,7.0410921268247515,134.0,easy
2026-09-08 18:46:35+00:00,548.0,51.045185,3.703415,5.1,1202.6664505134918,2.37405875902419,7.0203260990545875,134.0,easy
2026-09-08 18:46:36+00:00,549.0,51.045178,3.703382,5.1,1205.1012188764587,2.375975672677464,7.014662169451071,138.0,easy
2026-09-08 18:46:37+00:00,550.0,51.04517,3.703351,5.1,1207.4438651578412,2.374414459798286,7.0192744143255235,138.0,easy
2026-09-08 18:46:38+00:00,551.0,51.045162,3.703322,5.1,1209.65780270709,2.365944070406833,7.0444043353065275,134.0,easy
2026-09-08 18:46:39+00:00,552.0,51.045155,3.703294,5.1,1211.764335641956,2.3650708114945638,7.047005352086886,134.0,easy
2026-09-08 18:46:40+00:00,553.0,51.045148,3.703265,5.1,1213.9359841793348,2.28926284993218,7.280363924640816,138.0,easy
2026-09-08 18:46:41+00:00,554.0,51.045139,3.703233,5.2,1216.386716743092,2.266392483841557,7.353830717977192,138.0,easy
2026-09-08 18:46:42+00:00,555.0,51.045133,3.703207,5.2,1218.3229299593004,2.2478592384628433,7.414461894003583,136.0,easy
2026-09-08 18:46:43+00:00,556.0,51.045123,3.703175,5.2,1220.821132387695,2.226593238482463,7.485276780066867,136.0,easy
2026-09-08 18:46:44+00:00,557.0,51.045115,3.703146,5.2,1223.035071820326,2.2109978549944076,7.538074552636245,138.0,easy
2026-09-08 18:46:45+00:00,558.0,51.04511,3.703121,5.2,1224.8691017064684,2.1952572086795192,7.592124786458131,138.0,easy
2026-09-08 18:46:46+00:00,559.0,51.045104,3.703091,5.2,1227.0699378070392,2.2176375974121276,7.515505097007661,138.0,easy
2026-09-08 18:46:47+00:00,560.0,51.045098,3.703063,5.2,1229.1379693508688,2.2292609789033757,7.476319203714488,138.0,easy
2026-09-08 18:46:48+00:00,561.0,51.045091,3.703034,5.3,1231.3096202171798,2.247774400177889,7.414741739806122,134.0,easy
2026-09-08 18:46:49+00:00,562.0,51.045082,3.703003,5.3,1233.6967110495393,2.251671871161656,7.401907391625493,134.0,easy
2026-09-08 18:46:50+00:00,563.0,51.045075,3.702971,5.3,1236.0653490907282,2.3049585010739233,7.2307881720652905,136.0,easy
2026-09-08 18:46:51+00:00,564.0,51.045069,3.702941,5.3,1238.2661867013742,2.309144774026265,7.217679399809296,136.0,easy
2026-09-08 18:46:52+00:00,565.0,51.045062,3.702913,5.3,1240.3727232880333,2.33649197714934,7.133200896756767,134.0,easy
2026-09-08 18:46:53+00:00,566.0,51.045051,3.702881,5.3,1242.9223666682713,2.380770264818113,7.000535462391611,134.0,easy
2026-09-08 18:46:54+00:00,567.0,51.045047,3.702849,5.4,1245.203250325506,2.397430167179217,6.9518882738830445,136.0,easy
2026-09-08 18:46:55+00:00,568.0,51.045046,3.702814,5.4,1247.6526001820025,2.4229436801868314,6.878685131212589,136.0,easy
2026-09-08 18:46:56+00:00,569.0,51.045051,3.702779,5.4,1250.1617948105163,2.441549211912048,6.8262669395938635,130.0,easy
2026-09-08 18:46:57+00:00,570.0,51.045062,3.702744,5.4,1252.8973074754088,2.456079422107287,6.785882621160054,130.0,easy
2026-09-08 18:46:58+00:00,571.0,51.045072,3.702711,5.4,1255.4583039980885,2.4722498631490315,6.741497659721772,140.0,easy
2026-09-08 18:46:59+00:00,572.0,51.045082,3.702677,5.4,1258.0824514775657,2.4914291009235967,6.689601024764531,140.0,easy
2026-09-08 18:47:00+00:00,573.0,51.045092,3.702645,5.4,1260.5806556787397,2.545215583606156,6.548233781852267,132.0,easy
2026-09-08 18:47:01+00:00,574.0,51.045101,3.702613,5.4,1263.031390314727,2.532959824513571,6.579917496270328,132.0,easy
2026-09-08 18:47:02+00:00,575.0,51.04511,3.702581,5.4,1265.482124553671,2.7405417499432274,6.081522628513844,136.0,easy
2026-09-08 18:47:03+00:00,576.0,51.045119,3.702549,5.4,1267.9328583958602,2.5772517595101214,6.466836856417407,136.0,easy
2026-09-08 18:47:04+00:00,577.0,51.045132,3.702518,5.4,1270.5379023811483,2.6317152404649717,6.333005338268284,134.0,easy
2026-09-08 18:47:05+00:00,578.0,51.045143,3.702485,5.4,1273.1490970379634,2.6234734028252182,6.352900947544708,134.0,easy
2026-09-08 18:47:06+00:00,579.0,51.045154,3.702454,5.3,1275.637623215228,2.6303056299109544,6.336399267499152,140.0,easy
2026-09-08 18:47:07+00:00,580.0,51.04517,3.702421,5.3,1278.5509570421254,2.646112334721049,6.29854842062994,140.0,easy
2026-09-08 18:47:08+00:00,581.0,51.045185,3.702397,5.3,1280.9167640359747,2.6532345873554823,6.281640811594642,140.0,easy
2026-09-08 18:47:09+00:00,582.0,51.045217,3.702339,5.3,1286.3113765746543,2.6483504695705298,6.293225484378365,140.0,easy
2026-09-08 18:47:10+00:00,583.0,51.045217,3.702339,5.3,1286.3113765746543,2.6483498876823237,6.293226867108685,132.0,easy
2026-09-08 18:47:11+00:00,584.0,51.045235,3.702301,5.3,1289.6375234174907,2.6473537096718425,6.295594958005296,132.0,easy
2026-09-08 18:47:12+00:00,585.0,51.045249,3.702271,5.2,1292.2494085177868,2.620274861048948,6.3606558664592425,136.0,easy
2026-09-08 18:47:13+00:00,586.0,51.045262,3.702239,5.2,1294.9128884467525,2.6414009692626648,6.309782899534216,136.0,easy
2026-09-08 18:47:14+00:00,587.0,51.045273,3.702202,5.2,1297.7741364983813,2.6569119872912936,6.272946468075609,136.0,easy
2026-09-08 18:47:15+00:00,588.0,51.045286,3.702171,5.2,1300.3791744890718,2.6118913670097634,6.381071922507857,136.0,easy
2026-09-08 18:47:16+00:00,589.0,51.045299,3.702144,5.2,1302.756647358285,2.6678469664539395,6.247234896242845,140.0,easy
2026-09-08 18:47:17+00:00,590.0,51.045308,3.702112,5.1,1305.2073728689058,2.482075835034474,6.714809608722201,140.0,easy
2026-09-08 18:47:18+00:00,591.0,51.045318,3.702081,5.1,1307.6431640409378,2.6254154663121363,6.348201601050964,140.0,easy
2026-09-08 18:47:19+00:00,592.0,51.04533,3.702056,5.1,1309.8420252968826,2.5700428326927507,6.4849762247753056,140.0,easy
2026-09-08 18:47:20+00:00,593.0,51.045349,3.702027,5.1,1312.7701115769034,2.5948715136919893,6.422925597172746,138.0,easy
2026-09-08 18:47:21+00:00,594.0,51.045366,3.701999,5.1,1315.4913030245973,2.588751693925825,6.438109419985265,138.0,easy
2026-09-08 18:47:22+00:00,595.0,51.04538,3.701976,5.1,1317.7293275472719,2.540653977214503,6.559990780381475,134.0,easy
2026-09-08 18:47:23+00:00,596.0,51.04539,3.701933,5.0,1320.9344685327837,2.5676046188184087,6.491134399943763,134.0,easy
2026-09-08 18:47:24+00:00,597.0,51.045393,3.701896,5.0,1323.5425141001713,2.580736426775948,6.45810494002595,140.0,easy
2026-09-08 18:47:25+00:00,598.0,51.045401,3.701868,5.0,1325.6926085693362,2.592182108425196,6.429589422940663,140.0,easy
2026-09-08 18:47:26+00:00,599.0,51.04542,3.701849,5.0,1328.188165907882,2.5960590887599095,6.4199874104668515,136.0,easy
2026-09-08 18:47:27+00:00,600.0,51.045443,3.701827,5.0,1331.1724812231666,2.6090114719297928,6.388115516540419,136.0,easy
2026-09-08 18:47:28+00:00,601.0,51.045458,3.701799,5.0,1333.74416385564,2.5641269540369054,6.499938172104556,138.0,easy
2026-09-08 18:47:29+00:00,602.0,51.045472,3.701778,5.0,1335.8839461565988,2.5687423564667724,6.48825937124779,138.0,easy
2026-09-08 18:47:30+00:00,603.0,51.045492,3.701749,5.0,1338.893243771348,2.5924636517267405,6.428891165191704,136.0,easy
2026-09-08 18:47:31+00:00,604.0,51.045509,3.701724,5.0,1341.467693759924,2.5450505158533194,6.548658489428281,136.0,easy
2026-09-08 18:47:32+00:00,605.0,51.045526,3.701698,5.0,1344.0901044952836,2.53104998789424,6.584882458419104,136.0,easy
2026-09-08 18:47:33+00:00,606.0,51.045542,3.701673,5.0,1346.5840503723364,2.550173095526685,6.535504078488647,136.0,easy
2026-09-08 18:47:34+00:00,607.0,51.045556,3.701647,5.0,1348.9771973758293,2.535054629432119,6.574480278715015,140.0,easy
2026-09-08 18:47:35+00:00,608.0,51.045568,3.701621,5.0,1351.232015887457,2.488684209453837,6.696979312744669,140.0,easy
2026-09-08 18:47:36+00:00,609.0,51.045583,3.701589,4.9,1354.022438371599,2.46643981841416,6.757378202474362,134.0,easy
2026-09-08 18:47:37+00:00,610.0,51.045599,3.701562,4.9,1356.6162823231732,2.4798202215997396,6.720917315495939,134.0,easy
2026-09-08 18:47:38+00:00,611.0,51.045615,3.701537,4.9,1359.1102262705838,2.4184965770643485,6.891333576703763,144.0,easy
2026-09-08 18:47:39+00:00,612.0,51.045631,3.701514,4.9,1361.5082639185853,2.4099772734774825,6.915694537906351,144.0,easy
2026-09-08 18:47:40+00:00,613.0,51.045648,3.701492,4.9,1363.945205002237,2.4055547307763363,6.928408842017031,136.0,easy
2026-09-08 18:47:41+00:00,614.0,51.045663,3.70147,4.9,1366.213985349364,2.3822052247162753,6.9963185764785205,136.0,easy
2026-09-08 18:47:42+00:00,615.0,51.045677,3.701446,4.9,1368.5027443649744,2.397680406967669,6.951162723035675,142.0,easy
2026-09-08 18:47:43+00:00,616.0,51.045691,3.701423,4.9,1370.7407611318524,2.401461516469,6.940218093177099,142.0,easy
2026-09-08 18:47:44+00:00,617.0,51.045705,3.701398,4.9,1373.081249480595,2.3695836979071685,7.033584287985596,136.0,easy
2026-09-08 18:47:45+00:00,618.0,51.045717,3.701375,4.9,1375.1706924273133,2.3505381418829874,7.090574864407519,136.0,easy
2026-09-08 18:47:46+00:00,619.0,51.045731,3.701348,4.9,1377.6173528620866,2.3390981032584497,7.1252533801166305,138.0,easy
2026-09-08 18:47:47+00:00,620.0,51.045745,3.701319,4.9,1380.173425456929,2.317649795392397,7.19119286261489,138.0,easy
2026-09-08 18:47:48+00:00,621.0,51.045757,3.701295,4.9,1382.3171287430807,2.310009898576895,7.214976298125101,136.0,easy
2026-09-08 18:47:49+00:00,622.0,51.045772,3.701266,4.9,1384.9424034803446,2.301184973238885,7.242645359016303,136.0,easy
2026-09-08 18:47:50+00:00,623.0,51.045784,3.701239,4.9,1387.2539386344922,2.3035193889867838,7.235305570402685,142.0,easy
2026-09-08 18:47:51+00:00,624.0,51.045794,3.70121,4.9,1389.5661938402068,2.3134554570068797,7.204230630932396,142.0,easy
2026-09-08 18:47:52+00:00,625.0,51.045805,3.701182,4.9,1391.8743544514182,2.30208955059601,7.239799451916053,136.0,easy
2026-09-08 18:47:53+00:00,626.0,51.045818,3.701156,4.9,1394.1966978194607,2.3261733767030717,7.164842841718291,136.0,easy
2026-09-08 18:47:54+00:00,627.0,51.045829,3.701132,4.9,1396.2730108494713,2.3178854207761423,7.190461839604584,140.0,easy
2026-09-08 18:47:55+00:00,628.0,51.045842,3.701106,4.9,1398.5953534808905,2.305977465391028,7.227593034540117,140.0,easy
2026-09-08 18:47:56+00:00,629.0,51.045851,3.701079,4.9,1400.7317599479475,2.344757426525205,7.108055817682473,136.0,easy
2026-09-08 18:47:57+00:00,630.0,51.04586,3.701049,4.9,1403.0555351997764,2.327991234943617,7.159248031735105,136.0,easy
2026-09-08 18:47:58+00:00,631.0,51.045869,3.701018,4.9,1405.442592986956,2.3137047736696883,7.203454328458784,136.0,easy
2026-09-08 18:47:59+00:00,632.0,51.04587,3.700987,4.9,1407.6125927395356,2.3011279133915195,7.242824951048673,136.0,easy
2026-09-08 18:48:00+00:00,633.0,51.045879,3.700955,4.9,1410.0632930778597,2.3099857358977043,7.2150517674905394,136.0,easy
2026-09-08 18:48:01+00:00,634.0,51.045892,3.700929,4.9,1412.385634173729,2.2934893625384745,7.2669474464968555,136.0,easy
2026-09-08 18:48:02+00:00,635.0,51.045905,3.700902,4.9,1414.7630874377946,2.2868855662802376,7.2879320733901185,136.0,easy
2026-09-08 18:48:03+00:00,636.0,51.045919,3.70087,4.9,1417.4884901409591,2.25432936264083,7.393181734164403,136.0,easy
2026-09-08 18:48:04+00:00,637.0,51.045929,3.70084,4.9,1419.8622720044991,2.2168179322571917,7.518283943912551,138.0,easy
2026-09-08 18:48:05+00:00,638.0,51.045929,3.70081,4.9,1421.9595102395378,2.1686327220621853,7.685333942032417,138.0,easy
2026-09-08 18:48:06+00:00,639.0,51.045932,3.70078,4.9,1424.0831125410798,2.1169991613549266,7.872779059581502,130.0,easy
2026-09-08 18:48:07+00:00,640.0,51.045937,3.700746,4.9,1426.5241404898838,2.0636324052516084,8.07637378839987,130.0,easy
2026-09-08 18:48:08+00:00,641.0,51.045946,3.70072,4.9,1428.599038257538,1.9870395446629303,8.387687457671559,104.0,easy
2026-09-08 18:48:09+00:00,642.0,51.045953,3.700694,4.9,1430.576294343675,1.921999355097274,8.671525629009981,104.0,easy
2026-09-08 18:48:10+00:00,643.0,51.045958,3.700669,4.9,1432.410293920503,1.8567129584382231,8.97643687513543,104.0,easy
2026-09-08 18:48:11+00:00,644.0,51.045961,3.700647,4.9,1433.9840289318054,1.7731707937262842,9.399357763863225,104.0,easy
2026-09-08 18:48:12+00:00,645.0,51.045965,3.700625,4.9,1435.5850260307093,1.6805857689755037,9.917177078577058,100.0,easy
2026-09-08 18:48:13+00:00,646.0,51.045971,3.700604,4.9,1437.19758040728,1.6167978719169478,10.308441739168002,100.0,easy
2026-09-08 18:48:14+00:00,647.0,51.045974,3.700585,4.9,1438.5670788183097,1.5567394706562458,10.706137398598115,94.0,easy
2026-09-08 18:48:15+00:00,648.0,51.045977,3.700567,4.9,1439.8688862478036,1.4690444344190041,11.345243395076887,94.0,easy
2026-09-08 18:48:16+00:00,649.0,51.045979,3.700548,4.9,1441.2156245001881,1.4339965596989648,11.622529045791754,94.0,easy
2026-09-08 18:48:17+00:00,650.0,51.045979,3.700528,4.9,1442.613781814368,1.3867753181548492,12.018289082936825,94.0,easy
2026-09-08 18:48:18+00:00,651.0,51.04598,3.700507,4.9,1444.0860520468534,1.3496981158710688,12.348440344313827,102.0,easy
2026-09-08 18:48:19+00:00,652.0,51.045979,3.700493,4.9,1445.0710585391319,1.3360822776268988,12.474281670938261,102.0,easy
2026-09-08 18:48:20+00:00,653.0,51.045981,3.700477,4.9,1446.2114783182922,1.3139449541477706,12.684448168132528,92.0,easy
2026-09-08 18:48:21+00:00,654.0,51.045989,3.700465,4.9,1447.4342046009235,1.2910371390647284,12.90951759818511,92.0,easy
2026-09-08 18:48:22+00:00,655.0,51.045994,3.700451,4.9,1448.559807006169,1.31545335942795,12.669903153323872,92.0,easy
2026-09-08 18:48:23+00:00,656.0,51.046,3.700431,4.9,1450.1089866530224,1.286524251163391,12.95480178597113,92.0,easy
2026-09-08 18:48:24+00:00,657.0,51.046004,3.700414,4.9,1451.3779241159978,1.2745556222840961,13.076452981156516,100.0,easy
2026-09-08 18:48:25+00:00,658.0,51.046006,3.700396,4.9,1452.655765658569,1.2562810132184177,13.266670825477954,100.0,easy
2026-09-08 18:48:26+00:00,659.0,51.046009,3.700377,4.9,1454.0252630962088,1.2330655413257883,13.516448321754835,96.0,easy
2026-09-08 18:48:27+00:00,660.0,51.046013,3.70036,4.9,1455.2942003429257,1.251614683777235,13.316132259145848,96.0,easy
2026-09-08 18:48:28+00:00,661.0,51.046017,3.700343,4.9,1456.5631374932507,1.2445198440271237,13.392045732862918,96.0,easy
2026-09-08 18:48:29+00:00,662.0,51.046021,3.700319,5.0,1458.2988792097287,1.316980437662067,12.655212021412941,96.0,easy
2026-09-08 18:48:30+00:00,663.0,51.046023,3.700307,5.0,1459.1667500152544,1.306363359083573,12.758063482704,98.0,easy
2026-09-08 18:48:31+00:00,664.0,51.046026,3.700291,5.0,1460.3339588344493,1.2823134044580864,12.997342622110468,98.0,easy
2026-09-08 18:48:32+00:00,665.0,51.046027,3.700275,5.0,1461.457997012644,1.2655884863886202,13.169104211926976,98.0,easy
2026-09-08 18:48:33+00:00,666.0,51.046028,3.700259,5.0,1462.5820351667398,1.2503068042442704,13.330061557763488,98.0,easy
2026-09-08 18:48:34+00:00,667.0,51.046029,3.700241,5.0,1463.84527879579,1.2458327640214815,13.377932534754953,98.0,easy
2026-09-08 18:48:35+00:00,668.0,51.046032,3.700227,5.0,1464.8792759786986,1.2772903642157662,13.048455647670767,98.0,easy
2026-09-08 18:48:36+00:00,669.0,51.046031,3.700194,5.0,1467.188911165854,1.2443338371535855,13.394047617311186,94.0,easy
2026-09-08 18:48:37+00:00,670.0,51.046037,3.700184,5.0,1468.155257392422,1.1955282217242584,13.940839173690987,94.0,easy
2026-09-08 18:48:38+00:00,671.0,51.046047,3.700178,5.0,1469.3436877198933,1.2136065758113994,13.73317102828285,94.0,easy
2026-09-08 18:48:39+00:00,672.0,51.046053,3.700167,5.0,1470.3617514118266,1.2225797202165003,13.632376188699787,94.0,easy
2026-09-08 18:48:40+00:00,673.0,51.046053,3.700152,5.0,1471.4103677222326,1.2420259724179084,13.418935704074617,82.0,easy
2026-09-08 18:48:41+00:00,674.0,51.046047,3.700136,5.0,1472.7127545565306,1.2652413452923104,13.172717386038427,82.0,easy
2026-09-08 18:48:42+00:00,675.0,51.046041,3.700113,5.0,1474.4535558061618,1.2649144570862565,13.176121573516129,94.0,easy
2026-09-08 18:48:43+00:00,676.0,51.046038,3.700103,5.0,1475.228145050554,1.2857637730959113,12.962464035315001,94.0,easy
2026-09-08 18:48:44+00:00,677.0,51.046036,3.700089,5.0,1476.2318025355921,1.2230878953170545,13.626712136126779,94.0,easy
2026-09-08 18:48:45+00:00,678.0,51.046032,3.700074,5.0,1477.370848652425,1.2576523280016578,13.252205156848957,94.0,easy
2026-09-08 18:48:46+00:00,679.0,51.046029,3.700056,5.0,1478.6726546376965,1.2636130524989526,13.189691760231705,102.0,easy
2026-09-08 18:48:47+00:00,680.0,51.046027,3.700036,5.0,1480.0883865989124,1.3143585625238636,12.680456567850802,102.0,easy
2026-09-08 18:48:48+00:00,681.0,51.046026,3.700015,5.0,1481.5606553461243,1.3046365056728964,12.774950412774514,96.0,easy
2026-09-08 18:48:49+00:00,682.0,51.046026,3.699997,5.0,1482.8189956520837,1.302026991128577,12.800553890376925,96.0,easy
2026-09-08 18:48:50+00:00,683.0,51.046024,3.699978,4.9,1484.165732575137,1.2791839997181917,13.029139412577383,96.0,easy
2026-09-08 18:48:51+00:00,684.0,51.046021,3.699959,4.9,1485.5352295956097,1.3207551419883272,12.61904355835093,96.0,easy
2026-09-08 18:48:52+00:00,685.0,51.046019,3.699938,4.9,1487.020042312447,1.333419545553468,12.499191812692953,102.0,easy
2026-09-08 18:48:53+00:00,686.0,51.046017,3.69992,4.9,1488.2978835073777,1.3377307422190596,12.45890980947302,102.0,easy
2026-09-08 18:48:54+00:00,687.0,51.046014,3.699895,4.9,1490.0771298496848,1.3443263719771263,12.397783019130006,96.0,easy
2026-09-08 18:48:55+00:00,688.0,51.046011,3.699883,4.9,1490.9799153073263,1.3656604023291312,12.204107725640796,96.0,easy
2026-09-08 18:48:56+00:00,689.0,51.04601,3.699865,4.9,1492.2431594234597,1.379607073300015,12.080734427375805,96.0,easy
2026-09-08 18:48:57+00:00,690.0,51.04601,3.699845,4.9,1493.6413158019352,1.4171178496703343,11.760960226803897,96.0,easy
2026-09-08 18:48:58+00:00,691.0,51.04601,3.699825,4.9,1495.0394721803796,1.4864852460506406,11.212130568364133,102.0,easy
2026-09-08 18:48:59+00:00,692.0,51.046009,3.699808,4.9,1496.233095718895,1.4790748581807744,11.26830503167788,102.0,easy
2026-09-08 18:49:00+00:00,693.0,51.046005,3.699792,4.9,1497.4368097857114,1.463976757222014,11.384515897843006,96.0,easy
2026-09-08 18:49:01+00:00,694.0,51.046001,3.699773,4.9,1498.837550217354,1.461645036951158,11.402677288482865,96.0,easy
2026-09-08 18:49:02+00:00,695.0,51.045997,3.699749,4.9,1500.5732926338499,1.427624472211724,11.674405273290184,96.0,easy
2026-09-08 18:49:03+00:00,696.0,51.045996,3.699725,4.9,1502.254761445625,1.4466676826622449,11.52072923616823,96.0,easy
2026-09-08 18:49:04+00:00,697.0,51.045995,3.699699,4.9,1504.075763397139,1.4742145746798485,11.305455089728797,100.0,easy
2026-09-08 18:49:05+00:00,698.0,51.045993,3.699665,4.9,1506.4630112658972,1.4443049447506167,11.53957599275854,100.0,easy
2026-09-08 18:49:06+00:00,699.0,51.045993,3.699647,4.9,1507.7213524683218,1.412133162314049,11.802475227870977,96.0,easy
2026-09-08 18:49:07+00:00,700.0,51.045993,3.699629,4.9,1508.9796936707776,1.4074942247915885,11.841374815683201,96.0,easy
2026-09-08 18:49:08+00:00,701.0,51.045987,3.699614,4.9,1510.2225590616454,1.4362719841398581,11.604115968778611,96.0,easy
2026-09-08 18:49:09+00:00,702.0,51.045983,3.699597,4.9,1511.4914969328609,1.3900804032636171,11.98971413994243,96.0,easy
2026-09-08 18:49:10+00:00,703.0,51.045983,3.69958,4.9,1512.6799305472603,1.3489326322530704,12.355447757853536,100.0,easy
2026-09-08 18:49:11+00:00,704.0,51.045977,3.699558,4.9,1514.3563780436575,1.3266172578484114,12.563281962498875,100.0,easy
2026-09-08 18:49:12+00:00,705.0,51.045973,3.699546,4.9,1515.3058899731943,1.296517003275367,12.854954176892376,100.0,easy
2026-09-08 18:49:13+00:00,706.0,51.045972,3.699533,4.9,1516.2214696150902,1.2441002363788238,13.39656257535806,100.0,easy
2026-09-08 18:49:14+00:00,707.0,51.045973,3.699517,4.9,1517.3455090907685,1.2605766692369054,13.221462108096839,94.0,easy
2026-09-08 18:49:15+00:00,708.0,51.045978,3.699495,4.9,1518.980889547809,1.311842427763168,12.704777886384665,94.0,easy
2026-09-08 18:49:16+00:00,709.0,51.045979,3.699485,4.9,1519.688756266308,1.2958952958415548,12.861121357681391,98.0,easy
2026-09-08 18:49:17+00:00,710.0,51.045979,3.699469,4.9,1520.8072821176456,1.2815992181635794,13.004585544729464,98.0,easy
2026-09-08 18:49:18+00:00,711.0,51.045981,3.69945,4.9,1522.1540203133509,1.2647447431150527,13.177889655122698,98.0,easy
2026-09-08 18:49:19+00:00,712.0,51.045984,3.699431,4.9,1523.5235184462692,1.2198921306151742,13.66241018233465,98.0,easy
2026-09-08 18:49:20+00:00,713.0,51.045988,3.699409,4.9,1525.124514811579,1.2371954633327398,13.47132863045766,96.0,easy
2026-09-08 18:49:21+00:00,714.0,51.045991,3.699388,4.9,1526.630002506875,1.2975569375774636,12.844651501600618,96.0,easy
2026-09-08 18:49:22+00:00,715.0,51.045991,3.699359,4.9,1528.6573300872246,1.2975568911265127,12.844651961423443,96.0,easy
2026-09-08 18:49:23+00:00,716.0,51.045993,3.699345,4.9,1529.6609884992683,1.2645594762954557,13.179820308248287,96.0,easy
2026-09-08 18:49:24+00:00,717.0,51.045994,3.69933,5.0,1530.7154852053143,1.304155471179955,12.779662421373152,96.0,easy
2026-09-08 18:49:25+00:00,718.0,51.045996,3.699317,5.0,1531.6511016939858,1.3229697656423067,12.597919543970029,96.0,easy
2026-09-08 18:49:26+00:00,719.0,51.045998,3.699303,5.0,1532.6547600028848,1.3221628763931994,12.605607799345101,96.0,easy
2026-09-08 18:49:27+00:00,720.0,51.046,3.699286,5.0,1533.8638219231852,1.2308630008653068,13.540635030015414,96.0,easy
2026-09-08 18:49:28+00:00,721.0,51.046001,3.69926,5.0,1535.6848236787519,1.2776422064853616,13.04486231126838,96.0,easy
2026-09-08 18:49:29+00:00,722.0,51.046002,3.699244,5.0,1536.808862457666,1.2533042775257681,13.298180629822353,96.0,easy
2026-09-08 18:49:30+00:00,723.0,51.046004,3.699228,5.0,1537.9492816922407,1.1896117528547507,14.010173173450173,96.0,easy
2026-09-08 18:49:31+00:00,724.0,51.046007,3.69921,5.0,1539.2510883340071,1.1896117047796777,14.010173739635002,96.0,easy
2026-09-08 18:49:32+00:00,725.0,51.046011,3.699191,5.0,1540.6518286022801,1.2275243223240506,13.577463487739253,94.0,easy
2026-09-08 18:49:33+00:00,726.0,51.046015,3.699173,5.0,1541.9864634592489,1.2185163873990879,13.67783547190655,94.0,easy
2026-09-08 18:49:34+00:00,727.0,51.046015,3.699173,5.0,1541.9864634592489,1.2161451720211913,13.704504240202871,94.0,easy
2026-09-08 18:49:35+00:00,728.0,51.046022,3.699142,5.0,1544.2891479088596,1.211477447621854,13.757306584108148,94.0,easy
2026-09-08 18:49:36+00:00,729.0,51.046024,3.699126,5.0,1545.4295666697617,1.2057933936517125,13.822157887423915,94.0,easy
2026-09-08 18:49:37+00:00,730.0,51.046026,3.699111,5.0,1546.501506380046,1.1910431363303648,13.993335890433913,94.0,easy
2026-09-08 18:49:38+00:00,731.0,51.046028,3.699097,5.0,1547.5051640709635,1.1909515756961633,13.994411701352568,96.0,easy
2026-09-08 18:49:39+00:00,732.0,51.04603,3.699074,5.0,1549.1283500401748,1.1844120033846584,14.071679972035776,96.0,easy
2026-09-08 18:49:40+00:00,733.0,51.046032,3.699063,5.0,1549.9288475049718,1.1643891580761372,14.313656693784559,96.0,easy
2026-09-08 18:49:41+00:00,734.0,51.046035,3.69905,5.0,1550.8969375832025,1.151349873997188,14.475761923527491,96.0,easy
2026-09-08 18:49:42+00:00,735.0,51.046039,3.699035,5.0,1552.0359836375128,1.2315973946820316,13.532560834110562,94.0,easy
2026-09-08 18:49:43+00:00,736.0,51.046043,3.699011,5.0,1553.7717245835274,1.1762362656883845,14.169488862777591,94.0,easy
2026-09-08 18:49:44+00:00,737.0,51.046046,3.698999,5.0,1554.6745095026213,1.1676619488256157,14.273537545202432,96.0,easy
2026-09-08 18:49:45+00:00,738.0,51.04605,3.698984,5.0,1555.813555327683,1.1753251655853263,14.180472906292671,96.0,easy
2026-09-08 18:49:46+00:00,739.0,51.046054,3.698968,5.0,1557.0172683847768,1.1875405103228545,14.034608943265043,96.0,easy
2026-09-08 18:49:47+00:00,740.0,51.046057,3.698953,5.0,1558.117665973422,1.1701877985607325,14.242728122072169,96.0,easy
2026-09-08 18:49:48+00:00,741.0,51.046061,3.698938,5.0,1559.2567115692063,1.2000933305498764,13.887808758198904,96.0,easy
2026-09-08 18:49:49+00:00,742.0,51.046065,3.698922,5.0,1560.460424379479,1.2153250168897654,13.713752646448153,96.0,easy
2026-09-08 18:49:50+00:00,743.0,51.046066,3.698901,5.0,1561.932691894185,1.2189633659691617,13.672819981276053,96.0,easy
2026-09-08 18:49:51+00:00,744.0,51.04607,3.698888,5.0,1562.9444959021455,1.1508849344570673,14.481609905276246,96.0,easy
2026-09-08 18:49:52+00:00,745.0,51.046075,3.698873,5.0,1564.1313838638255,1.1636433412872256,14.322830780976199,96.0,easy
2026-09-08 18:49:53+00:00,746.0,51.04608,3.698858,5.0,1565.318271725806,1.1785665973967914,14.14147210983229,96.0,easy
2026-09-08 18:49:54+00:00,747.0,51.046086,3.698841,5.0,1566.6811670185855,1.201053453158152,13.876706838352545,94.0,easy
2026-09-08 18:49:55+00:00,748.0,51.046091,3.698825,5.0,1567.9302474632195,1.2304279950398682,13.545422189558224,94.0,easy
2026-09-08 18:49:56+00:00,749.0,51.046098,3.698812,5.0,1569.1268128365487,1.2735856442215259,13.086412164180839,96.0,easy
2026-09-08 18:49:57+00:00,750.0,51.046097,3.698795,5.0,1570.32043412705,1.3036574071842846,12.784544907902074,96.0,easy
2026-09-08 18:49:58+00:00,751.0,51.046101,3.698787,5.0,1571.0349986003832,1.32809445990962,12.549308177824093,96.0,easy
2026-09-08 18:49:59+00:00,752.0,51.046108,3.698776,5.0,1572.1291596219294,1.3832290692963107,12.049100931016067,96.0,easy
2026-09-08 18:50:00+00:00,753.0,51.046114,3.698759,5.0,1573.4920542886346,1.4417800176438944,11.559784754058903,100.0,easy
2026-09-08 18:50:01+00:00,754.0,51.046122,3.698741,5.0,1575.0330701821488,1.5140431985058895,11.008052268993323,100.0,easy
2026-09-08 18:50:02+00:00,755.0,51.04613,3.698723,5.0,1576.5740858990196,1.5862931684845887,10.506674931083893,142.0,easy
2026-09-08 18:50:03+00:00,756.0,51.04614,3.698703,5.0,1578.360496232529,1.6929456926673283,9.844773366833417,142.0,easy
2026-09-08 18:50:04+00:00,757.0,51.046152,3.698689,5.0,1580.0152854872429,1.7959668843886782,9.280052328102789,122.0,easy
2026-09-08 18:50:05+00:00,758.0,51.046166,3.698675,5.0,1581.8541087928288,1.8781940475180536,8.873772488359707,122.0,easy
2026-09-08 18:50:06+00:00,759.0,51.04618,3.698661,5.0,1583.6929319415897,2.0664953328536995,8.065184760737424,140.0,easy
2026-09-08 18:50:07+00:00,760.0,51.046196,3.698646,5.0,1585.7580841284835,2.209597726529538,7.542851111113264,140.0,easy
2026-09-08 18:50:08+00:00,761.0,51.046213,3.698628,5.0,1588.0289197033937,2.3036328988559123,7.234949055877819,146.0,easy
2026-09-08 18:50:09+00:00,762.0,51.046227,3.698601,5.0,1590.4755645458538,2.4100115155884603,6.915596277803308,146.0,easy
2026-09-08 18:50:10+00:00,763.0,51.046245,3.698572,5.0,1593.324432853229,2.4851640892188227,6.706465274856601,140.0,easy
2026-09-08 18:50:11+00:00,764.0,51.046264,3.698547,5.0,1596.0663161023783,2.7391575372423254,6.084595880325307,140.0,easy
2026-09-08 18:50:12+00:00,765.0,51.046276,3.698518,5.0,1598.4933448398203,2.91010866653546,5.727162995087965,146.0,Rep 1
2026-09-08 18:50:13+00:00,766.0,51.046284,3.698469,5.0,1602.0324285931881,2.9859793804138985,5.581641579975155,146.0,Rep 1
2026-09-08 18:50:14+00:00,767.0,51.046291,3.698424,5.0,1605.2731255198719,3.2041977533714143,5.201510003285603,140.0,Rep 1
2026-09-08 18:50:15+00:00,768.0,51.0463,3.698387,5.0,1608.0465477714727,3.312170971243009,5.031946361274917,140.0,Rep 1
2026-09-08 18:50:16+00:00,769.0,51.046315,3.698349,5.0,1611.1832429159751,3.346318523167937,4.98059779763238,140.0,Rep 1
2026-09-08 18:50:17+00:00,770.0,51.046329,3.698318,5.0,1613.8515472373015,3.522900345092692,4.730950363067436,140.0,Rep 1
2026-09-08 18:50:18+00:00,771.0,51.046351,3.698246,5.0,1619.4478592911635,3.6296108920433956,4.591860439696797,140.0,Rep 1
2026-09-08 18:50:19+00:00,772.0,51.046374,3.698198,5.0,1623.6669154852746,3.734440498826836,4.46296216847007,140.0,Rep 1
2026-09-08 18:50:20+00:00,773.0,51.046393,3.698168,5.0,1626.6437994990372,3.8710378958458533,4.3054775269837195,140.0,Rep 1
2026-09-08 18:50:21+00:00,774.0,51.046421,3.69811,5.0,1631.7558982421608,3.852974741557597,4.325662062328763,140.0,Rep 1
2026-09-08 18:50:22+00:00,775.0,51.046436,3.698063,5.0,1635.4406486971286,3.9423126531737824,4.22763695650802,142.0,Rep 1
2026-09-08 18:50:23+00:00,776.0,51.04645,3.69803,5.0,1638.223697550913,4.031371272956308,4.1342425537612595,142.0,Rep 1
2026-09-08 18:50:24+00:00,777.0,51.046487,3.697987,5.0,1643.3190697222444,4.025432121408204,4.140342245005046,140.0,Rep 1
2026-09-08 18:50:25+00:00,778.0,51.04652,3.697951,5.0,1647.7685962338803,4.192816910512833,3.9750523388888284,140.0,Rep 1
2026-09-08 18:50:26+00:00,779.0,51.046549,3.69791,5.0,1652.0829235847812,4.107033671734246,4.058078895571596,144.0,Rep 1
2026-09-08 18:50:27+00:00,780.0,51.046577,3.697864,5.0,1656.5589132775083,4.10228116544914,4.062780193380994,144.0,Rep 1
2026-09-08 18:50:28+00:00,781.0,51.046599,3.697833,5.0,1659.8270497165522,4.1829590114069175,3.984420268335576,140.0,Rep 1
2026-09-08 18:50:29+00:00,782.0,51.046633,3.697796,5.0,1664.407815317479,4.091754777085585,4.0732320421552135,140.0,Rep 1
2026-09-08 18:50:30+00:00,783.0,51.046664,3.697764,5.0,1668.5171168658176,4.101689748848753,4.063365999669918,144.0,Rep 1
2026-09-08 18:50:31+00:00,784.0,51.046686,3.697738,5.0,1671.5647247370985,4.175165940221414,3.9918573070613843,144.0,Rep 1
2026-09-08 18:50:32+00:00,785.0,51.046723,3.697693,5.0,1676.7438008949941,4.098162291299449,4.066863506613836,142.0,Rep 1
2026-09-08 18:50:33+00:00,786.0,51.046754,3.697656,5.0,1681.0533643671772,4.0875188905330395,4.077453123279199,142.0,Rep 1
2026-09-08 18:50:34+00:00,787.0,51.046785,3.697623,5.0,1685.2011329670117,4.077196776077936,4.087775886720676,146.0,Rep 1
2026-09-08 18:50:35+00:00,788.0,51.046816,3.697589,5.0,1689.388184670141,4.072414234218031,4.092576468922724,146.0,Rep 1
2026-09-08 18:50:36+00:00,789.0,51.046843,3.697557,5.0,1693.1322198984446,4.0998765655475955,4.065163036058526,144.0,Rep 1
2026-09-08 18:50:37+00:00,790.0,51.046871,3.697525,5.0,1696.96599492986,4.143027617178778,4.022822970708543,144.0,Rep 1
2026-09-08 18:50:38+00:00,791.0,51.0469,3.697494,5.0,1700.8511866542342,4.187182976711742,3.980400846909072,146.0,Rep 1
2026-09-08 18:50:39+00:00,792.0,51.04693,3.697464,5.0,1704.7915040917362,4.282851067649543,3.8914887310833914,146.0,Rep 1
2026-09-08 18:50:40+00:00,793.0,51.046964,3.697435,5.0,1709.081379591876,4.230868409165633,3.9393015936303937,140.0,Rep 1
2026-09-08 18:50:41+00:00,794.0,51.046999,3.697414,5.0,1713.2408752259503,4.213409493850258,3.9556247003745395,140.0,Rep 1
2026-09-08 18:50:42+00:00,795.0,51.047038,3.697403,5.0,1717.645126790779,4.291801486778273,3.8833731518131875,146.0,Rep 1
2026-09-08 18:50:43+00:00,796.0,51.047071,3.697399,5.0,1721.3251981997664,4.325714936416753,3.85292764586856,146.0,Rep 1
2026-09-08 18:50:44+00:00,797.0,51.047118,3.697401,5.0,1726.5532295751607,4.367330950336975,3.8162133477383247,142.0,Rep 1
2026-09-08 18:50:45+00:00,798.0,51.04716,3.697415,5.0,1731.324861516494,4.386446700485194,3.7995826245473663,142.0,Rep 1
2026-09-08 18:50:46+00:00,799.0,51.047192,3.697454,5.0,1735.807490751842,4.360299862645418,3.822367082926932,144.0,Rep 1
2026-09-08 18:50:47+00:00,800.0,51.047219,3.6975,5.0,1740.206827032479,4.489299177592382,3.7125319581852922,144.0,Rep 1
2026-09-08 18:50:48+00:00,801.0,51.047247,3.697537,5.1,1744.2545067749313,4.4913872348458295,3.7108059927143566,142.0,Rep 1
2026-09-08 18:50:49+00:00,802.0,51.047292,3.697563,5.1,1749.578155268686,4.577188406092768,3.641245495702428,142.0,Rep 1
2026-09-08 18:50:50+00:00,803.0,51.047334,3.69757,5.1,1754.2739087163925,4.595496233524604,3.6267392724819723,148.0,Rep 1
2026-09-08 18:50:51+00:00,804.0,51.047371,3.697549,5.1,1758.6421841534993,4.6066307402579465,3.6179732230357633,148.0,Rep 1
2026-09-08 18:50:52+00:00,805.0,51.047397,3.697507,5.1,1762.7626954371378,4.585835296014748,3.634379691122048,144.0,Rep 1
2026-09-08 18:50:53+00:00,806.0,51.047413,3.697464,5.2,1766.2556845939155,4.515585952248133,3.690920036273252,144.0,Rep 1
2026-09-08 18:50:54+00:00,807.0,51.04745,3.697404,5.2,1772.1309917556218,4.477566881619028,3.7222596797125282,148.0,Rep 1
2026-09-08 18:50:55+00:00,808.0,51.04747,3.697351,5.2,1776.4521881145631,4.4399677919259775,3.7537809839465,148.0,Rep 1
2026-09-08 18:50:56+00:00,809.0,51.047495,3.697284,5.3,1781.8987013173416,4.430233678554357,3.762028794856983,140.0,Rep 1
2026-09-08 18:50:57+00:00,810.0,51.047516,3.697226,5.3,1786.5775702936478,4.335434926045832,3.8442894313875984,140.0,Rep 1
2026-09-08 18:50:58+00:00,811.0,51.047529,3.697175,5.3,1790.4246593036353,4.264864486388677,3.907900642531167,146.0,Rep 1
2026-09-08 18:50:59+00:00,812.0,51.047551,3.697114,5.4,1795.3407590153818,4.238186626142723,3.932499471321159,146.0,Rep 1
2026-09-08 18:51:00+00:00,813.0,51.047564,3.697065,5.4,1799.0586508002157,4.2260151637255845,3.9438255711258763,140.0,Rep 1
2026-09-08 18:51:01+00:00,814.0,51.047581,3.697016,5.4,1802.970993976127,4.246928773338442,3.924404565317273,140.0,Rep 1
2026-09-08 18:51:02+00:00,815.0,51.047592,3.696964,5.4,1806.8063439113682,4.120374380648518,4.04493988336163,148.0,Rep 1
2026-09-08 18:51:03+00:00,816.0,51.047603,3.696911,5.4,1810.7080119532463,4.08364904102891,4.08131710125299,148.0,Rep 1
2026-09-08 18:51:04+00:00,817.0,51.047614,3.696858,5.4,1814.6096791593732,3.9775013611900434,4.190235314383426,140.0,Rep 1
2026-09-08 18:51:05+00:00,818.0,51.047625,3.696809,5.4,1818.2468760122224,3.9124410131088085,4.259915129921257,140.0,Rep 1
2026-09-08 18:51:06+00:00,819.0,51.047636,3.696755,5.4,1822.21498354564,3.9184973911895704,4.253331061069567,140.0,Rep 1
2026-09-08 18:51:07+00:00,820.0,51.047648,3.696702,5.5,1826.1529228930215,3.8489065008875105,4.330234227000199,140.0,Rep 1
2026-09-08 18:51:08+00:00,821.0,51.04766,3.696651,5.5,1829.959616193992,3.8278781144466323,4.354022298611261,148.0,Rep 1
2026-09-08 18:51:09+00:00,822.0,51.047673,3.696598,5.4,1833.9366074653494,3.8636485290993643,4.31371190757658,148.0,Rep 1
2026-09-08 18:51:10+00:00,823.0,51.047682,3.696546,5.4,1837.7069237299966,3.8774377733984338,4.298371151436671,144.0,Rep 1
2026-09-08 18:51:11+00:00,824.0,51.047689,3.696492,5.4,1841.561221735192,3.901721371227676,4.271618878162616,144.0,Rep 1
2026-09-08 18:51:12+00:00,825.0,51.047698,3.696441,5.4,1845.2641854902797,3.892964167641161,4.28122786364237,148.0,Rep 1
2026-09-08 18:51:13+00:00,826.0,51.04771,3.696388,5.4,1849.2021201714788,3.94743589676735,4.22215004943219,148.0,Rep 1
2026-09-08 18:51:14+00:00,827.0,51.047722,3.696336,5.5,1853.0743565286944,3.9586844527615077,4.210152858998473,142.0,Rep 1
2026-09-08 18:51:15+00:00,828.0,51.047732,3.69629,5.5,1856.476822516915,3.9406796116650478,4.229388914879211,142.0,Rep 1
2026-09-08 18:51:16+00:00,829.0,51.047747,3.696231,5.5,1860.9257219126173,3.9716776891887813,4.196379457485849,150.0,Rep 1
2026-09-08 18:51:17+00:00,830.0,51.04776,3.696177,5.5,1864.9679105123446,3.9361809701268777,4.234222662310528,150.0,Rep 1
2026-09-08 18:51:18+00:00,831.0,51.047767,3.696117,5.5,1869.2338325216615,3.9582479731583127,4.210617116382484,144.0,Rep 1
2026-09-08 18:51:19+00:00,832.0,51.047776,3.696065,5.5,1873.0041416739905,3.9525709387811787,4.216664779660103,144.0,Rep 1
2026-09-08 18:51:20+00:00,833.0,51.047782,3.696002,5.5,1877.4584144637324,3.9746833210191395,4.193206180358843,148.0,Rep 1
2026-09-08 18:51:21+00:00,834.0,51.047792,3.695945,5.6,1881.5952503370625,3.9757793033834568,4.1920502610602774,148.0,Rep 1
2026-09-08 18:51:22+00:00,835.0,51.047802,3.695895,5.6,1885.263117067997,3.9469902968732287,4.222626713795028,142.0,Rep 1
2026-09-08 18:51:23+00:00,836.0,51.047812,3.695836,5.6,1889.5347815318235,4.0115177242513305,4.154703484396836,142.0,Rep 1
2026-09-08 18:51:24+00:00,837.0,51.047819,3.695788,5.6,1892.9793220172523,3.951334551690327,4.217984189553602,148.0,Rep 1
2026-09-08 18:51:25+00:00,838.0,51.04783,3.695732,5.7,1897.080643327371,3.9487725757979413,4.2207208307758215,148.0,Rep 1
2026-09-08 18:51:26+00:00,839.0,51.047841,3.695681,5.7,1900.8497858169094,3.9156535334345337,4.256420166992622,144.0,Rep 1
2026-09-08 18:51:27+00:00,840.0,51.047852,3.695626,5.7,1904.8844353055665,3.8763395947797923,4.299588892859494,144.0,Rep 1
2026-09-08 18:51:28+00:00,841.0,51.047866,3.695574,5.7,1908.8388097222303,3.888985852790616,4.285607430201162,148.0,Rep 1
2026-09-08 18:51:29+00:00,842.0,51.047877,3.695528,5.7,1912.2792109817924,3.8555761191722127,4.3227435152402025,148.0,Rep 1
2026-09-08 18:51:30+00:00,843.0,51.04789,3.695469,5.7,1916.6495883806847,3.886773930249855,4.288046324730617,144.0,Rep 1
2026-09-08 18:51:31+00:00,844.0,51.047902,3.695422,5.7,1920.195740187972,3.8613431689617026,4.3162873480494754,144.0,Rep 1
2026-09-08 18:51:32+00:00,845.0,51.047914,3.695368,5.6,1924.1994991493136,3.879564613015903,4.2960147153497985,146.0,Rep 1
2026-09-08 18:51:33+00:00,846.0,51.047925,3.695317,5.6,1927.9686355231793,3.855561772685448,4.322759600103131,146.0,Rep 1
2026-09-08 18:51:34+00:00,847.0,51.047936,3.695275,5.6,1931.1492355956873,3.838006782508265,4.3425318429933695,140.0,Rep 1
2026-09-08 18:51:35+00:00,848.0,51.047951,3.695213,5.6,1935.7932022555917,3.8326542934195937,4.348596401006529,140.0,Rep 1
2026-09-08 18:51:36+00:00,849.0,51.04796,3.695163,5.6,1939.4288921246457,3.8115071631340323,4.372723427590888,146.0,Rep 1
2026-09-08 18:51:37+00:00,850.0,51.047972,3.695107,5.6,1943.564726021745,3.835924715043843,4.344888887235674,146.0,Rep 1
2026-09-08 18:51:38+00:00,851.0,51.047986,3.695056,5.6,1947.4549290662492,3.7943737564886515,4.392468358754978,142.0,Rep 1
2026-09-08 18:51:39+00:00,852.0,51.047999,3.695007,5.6,1951.1727912124911,3.7836364651221186,4.404933407398256,142.0,Rep 1
2026-09-08 18:51:40+00:00,853.0,51.048011,3.694957,5.6,1954.914069917653,3.8176360020361226,4.365703450454039,144.0,Rep 1
2026-09-08 18:51:41+00:00,854.0,51.048022,3.69491,5.7,1958.4198875545337,3.8132316235264385,4.370745947830334,144.0,Rep 1
2026-09-08 18:51:42+00:00,855.0,51.048036,3.694858,5.7,1962.3742497068606,3.8950839691989447,4.278897912974724,144.0,Rep 1
2026-09-08 18:51:43+00:00,856.0,51.048047,3.694809,5.7,1966.011417169241,3.8612075556993912,4.316438944616068,144.0,Rep 1
2026-09-08 18:51:44+00:00,857.0,51.048059,3.694758,5.7,1969.8180817074501,3.8839585979166023,4.291154564728586,148.0,Rep 1
2026-09-08 18:51:45+00:00,858.0,51.048074,3.69471,5.7,1973.5651947280146,3.8777135180937305,4.298065493724234,148.0,Rep 1
2026-09-08 18:51:46+00:00,859.0,51.048088,3.694667,5.7,1976.950287164804,3.847336448050612,4.332001344751489,144.0,Rep 1
2026-09-08 18:51:47+00:00,860.0,51.048103,3.694607,5.7,1981.4640391798557,3.8952378108687475,4.278728918722817,144.0,Rep 1
2026-09-08 18:51:48+00:00,861.0,51.048114,3.694557,5.7,1985.1671098760762,3.8859049545674105,4.289005228261443,148.0,Rep 1
2026-09-08 18:51:49+00:00,862.0,51.048128,3.694498,5.7,1989.5754951336717,3.9279705390010613,4.24307323621252,148.0,Rep 1
2026-09-08 18:51:50+00:00,863.0,51.04814,3.694442,5.7,1993.7113155910827,3.9112172766739564,4.261247966474459,144.0,Rep 1
2026-09-08 18:51:51+00:00,864.0,51.048153,3.694389,5.7,1997.6882710933949,3.9080360711290294,4.264716692303118,144.0,Rep 1
2026-09-08 18:51:52+00:00,865.0,51.048166,3.694335,5.7,2001.730428793151,3.899327738529359,4.274241044676214,148.0,Rep 1
2026-09-08 18:51:53+00:00,866.0,51.048175,3.694288,5.6,2005.1649757870084,3.9096281049982915,4.262980063336216,148.0,Rep 1
2026-09-08 18:51:54+00:00,867.0,51.048188,3.694228,5.6,2009.6013583755225,3.939511530204247,4.230642946183374,142.0,Rep 1
2026-09-08 18:51:55+00:00,868.0,51.048198,3.694179,5.6,2013.2026442361644,3.8955448484980404,4.278391679431604,142.0,Rep 1
2026-09-08 18:51:56+00:00,869.0,51.048208,3.694122,5.6,2017.3394456395497,3.904360057708812,4.268731986887278,148.0,Rep 1
2026-09-08 18:51:57+00:00,870.0,51.048219,3.694072,5.6,2021.04250885697,3.846876123298441,4.332519720540444,148.0,Rep 1
2026-09-08 18:51:58+00:00,871.0,51.048232,3.694025,5.6,2024.6319582361764,3.869025544523937,4.307716885006354,144.0,Rep 1
2026-09-08 18:51:59+00:00,872.0,51.048244,3.693976,5.5,2028.3079977853906,3.857883272678847,4.320158358522244,144.0,Rep 1
2026-09-08 18:52:00+00:00,873.0,51.048255,3.693923,5.5,2032.209616302989,3.861549858493993,4.316056318684094,152.0,Rep 1
2026-09-08 18:52:01+00:00,874.0,51.048261,3.693869,5.5,2036.0429601178676,3.893373423776634,4.280777837770243,152.0,Rep 1
2026-09-08 18:52:02+00:00,875.0,51.048268,3.693815,5.5,2039.8972119073262,3.8655274053652144,4.311615186981711,142.0,Rep 1
2026-09-08 18:52:03+00:00,876.0,51.048279,3.693763,5.5,2043.7325107417082,3.8792178033577276,4.296398787467032,142.0,Rep 1
2026-09-08 18:52:04+00:00,877.0,51.048291,3.693716,5.4,2047.2786369831483,3.8190642026291277,4.36407082530662,150.0,Rep 1
2026-09-08 18:52:05+00:00,878.0,51.048303,3.693655,5.4,2051.746698758942,3.8625904474892385,4.314893565146244,150.0,Rep 1
2026-09-08 18:52:06+00:00,879.0,51.048318,3.693606,5.4,2055.5565201835775,3.863736152377352,4.313614079577274,142.0,Rep 1
2026-09-08 18:52:07+00:00,880.0,51.048335,3.693554,5.4,2059.653676670561,3.904503395115845,4.268575278360635,142.0,Rep 1
2026-09-08 18:52:08+00:00,881.0,51.048348,3.693502,5.4,2063.5655771436577,3.906741711312712,4.266129654388251,148.0,Rep 1
2026-09-08 18:52:09+00:00,882.0,51.048362,3.693449,5.4,2067.5842694560006,3.916041451480111,4.255998531467872,148.0,Rep 1
2026-09-08 18:52:10+00:00,883.0,51.048374,3.693398,5.4,2071.3909112865304,3.908576687701983,4.264126816062474,142.0,Rep 1
2026-09-08 18:52:11+00:00,884.0,51.048383,3.693354,5.4,2074.625408678987,3.8907902977222473,4.283619879597134,142.0,Rep 1
2026-09-08 18:52:12+00:00,885.0,51.048391,3.693293,5.4,2078.9813655693088,3.9256814156655078,4.245547435448533,148.0,Rep 1
2026-09-08 18:52:13+00:00,886.0,51.048399,3.693243,5.4,2082.588000521837,3.8665323985726263,4.310494507383244,148.0,Rep 1
2026-09-08 18:52:14+00:00,887.0,51.048407,3.693183,5.4,2086.8755487121284,3.864930865770961,4.312280670858019,144.0,Rep 1
2026-09-08 18:52:15+00:00,888.0,51.048417,3.693129,5.4,2090.81074197268,3.8386475066177796,4.3418070135206595,144.0,Rep 1
2026-09-08 18:52:16+00:00,889.0,51.048426,3.693074,5.5,2094.7835818900694,3.805653161286918,4.379449718699713,144.0,Rep 1
2026-09-08 18:52:17+00:00,890.0,51.048434,3.693022,5.5,2098.525862222856,3.8180170580683037,4.36526773274791,144.0,Rep 1
2026-09-08 18:52:18+00:00,891.0,51.048443,3.692973,5.5,2102.094365207542,3.782177063406469,4.406633107667257,146.0,Rep 1
2026-09-08 18:52:19+00:00,892.0,51.048453,3.692917,5.6,2106.163858218131,3.839369035248512,4.3409910622430905,146.0,Rep 1
2026-09-08 18:52:20+00:00,893.0,51.04846,3.692867,5.6,2109.744684737531,3.7999389613893597,4.386035364255663,144.0,Rep 1
2026-09-08 18:52:21+00:00,894.0,51.048467,3.692814,5.6,2113.5304831701415,3.8196031499425924,4.363455053417568,144.0,Rep 1
2026-09-08 18:52:22+00:00,895.0,51.048476,3.692763,5.7,2117.233389269827,3.7919516861264637,4.395274003000792,148.0,Rep 1
2026-09-08 18:52:23+00:00,896.0,51.048488,3.692718,5.7,2120.650374562961,3.784685613575747,4.403712320749438,148.0,Rep 1
2026-09-08 18:52:24+00:00,897.0,51.048498,3.69266,5.8,2124.8545253270245,3.770659759189083,4.420092962789885,140.0,Rep 1
2026-09-08 18:52:25+00:00,898.0,51.048506,3.692615,5.8,2128.1235672376265,3.7436026054509433,4.4520394986366485,140.0,Rep 1
2026-09-08 18:52:26+00:00,899.0,51.048511,3.692557,5.9,2132.2159442077136,3.810951713766879,4.37336075565039,150.0,Rep 1
2026-09-08 18:52:27+00:00,900.0,51.048517,3.692504,5.9,2135.9804499901484,3.784612491788167,4.403797404048608,150.0,Rep 1
2026-09-08 18:52:28+00:00,901.0,51.048528,3.692451,6.0,2139.882047770975,3.8283174298612015,4.353522656367324,144.0,Rep 1
2026-09-08 18:52:29+00:00,902.0,51.048543,3.692401,6.0,2143.7548240040246,3.8323982184041343,4.348886967598817,144.0,Rep 1
2026-09-08 18:52:30+00:00,903.0,51.048557,3.692351,6.1,2147.5810261763154,3.8478828512396803,4.331386196255204,148.0,Rep 1
2026-09-08 18:52:31+00:00,904.0,51.048571,3.692302,6.0,2151.343478277905,3.869568084394956,4.307112913681337,148.0,Rep 1
2026-09-08 18:52:32+00:00,905.0,51.048581,3.692257,5.8,2154.6799013046198,3.8426860569725307,4.337243901677864,144.0,Rep 1
2026-09-08 18:52:33+00:00,906.0,51.048596,3.692196,5.8,2159.258640914045,3.8814923887738657,4.293881063600782,144.0,Rep 1
2026-09-08 18:52:34+00:00,907.0,51.048604,3.692145,5.7,2162.933045594953,3.865088456703836,4.312104846593879,148.0,Rep 1
2026-09-08 18:52:35+00:00,908.0,51.04862,3.69209,5.7,2167.1694461854486,3.8705426093415536,4.306028469094144,148.0,Rep 1
2026-09-08 18:52:36+00:00,909.0,51.048633,3.692039,5.6,2171.0164564462034,3.8499516545781587,4.329058690087068,144.0,Rep 1
2026-09-08 18:52:37+00:00,910.0,51.048643,3.691985,5.6,2174.9516320384223,3.8435295331190007,4.336292078167477,144.0,Rep 1
2026-09-08 18:52:38+00:00,911.0,51.048651,3.691933,5.6,2178.6938958288856,3.8448706262915104,4.334779576898834,148.0,Rep 1
2026-09-08 18:52:39+00:00,912.0,51.048655,3.691879,5.5,2182.494816181613,3.8606043726487167,4.317113347522802,148.0,Rep 1
2026-09-08 18:52:40+00:00,913.0,51.048657,3.691824,5.5,2186.345953069235,3.9008296517783605,4.272595359058669,144.0,Rep 1
2026-09-08 18:52:41+00:00,914.0,51.048656,3.691769,5.4,2190.1922710582717,3.8380270323900385,4.342508931284912,144.0,Rep 1
2026-09-08 18:52:42+00:00,915.0,51.048655,3.691714,5.4,2194.038589130272,3.8782109030355882,4.297514261955476,148.0,Rep 1
2026-09-08 18:52:43+00:00,916.0,51.048651,3.691663,5.4,2197.631322589648,3.849178914169854,4.329927768572207,148.0,Rep 1
2026-09-08 18:52:44+00:00,917.0,51.04865,3.691609,5.4,2201.40776700081,3.862044083236142,4.315503994118338,144.0,Rep 1
2026-09-08 18:52:45+00:00,918.0,51.048649,3.691554,5.3,2205.2540855706884,3.8642342170308743,4.31305809394563,144.0,Rep 1
2026-09-08 18:52:46+00:00,919.0,51.048646,3.691497,5.3,2209.252543867636,3.8441065831954147,4.335641144687641,148.0,Rep 1
2026-09-08 18:52:47+00:00,920.0,51.048642,3.691441,5.3,2213.1923460812955,3.8846011111017997,4.290444807585264,148.0,Rep 1
2026-09-08 18:52:48+00:00,921.0,51.048643,3.691389,5.2,2216.8290463998956,3.8679420125496202,4.308923611727195,142.0,Rep 1
2026-09-08 18:52:49+00:00,922.0,51.048646,3.691328,5.2,2221.106209140487,3.892373282099038,4.281877779635473,142.0,Rep 1
2026-09-08 18:52:50+00:00,923.0,51.04865,3.691274,5.2,2224.9071298979966,3.891031427072941,4.283354421324811,148.0,Rep 1
2026-09-08 18:52:51+00:00,924.0,51.048656,3.691217,5.2,2228.947117694746,3.8939904716622307,4.280099498947195,148.0,Rep 1
2026-09-08 18:52:52+00:00,925.0,51.048667,3.691163,5.2,2232.915145293886,3.913096234401895,4.259201836168007,142.0,Rep 1
2026-09-08 18:52:53+00:00,926.0,51.048678,3.691117,5.3,2236.3554945768174,3.917466314516926,4.254450537303952,142.0,Rep 1
2026-09-08 18:52:54+00:00,927.0,51.048692,3.691058,5.3,2240.7638328481403,3.9090463171436656,4.2636145275569355,148.0,Rep 1
2026-09-08 18:52:55+00:00,928.0,51.048702,3.691009,5.3,2244.3650832574795,3.877628628196566,4.298159587917555,148.0,Rep 1
2026-09-08 18:52:56+00:00,929.0,51.048716,3.690953,5.3,2248.5778702897574,3.9090130028840115,4.263650863880537,144.0,Rep 1
2026-09-08 18:52:57+00:00,930.0,51.04873,3.690903,5.3,2252.4040605363666,3.8832117772025025,4.291979841149295,144.0,Rep 1
2026-09-08 18:52:58+00:00,931.0,51.048741,3.690854,5.3,2256.0411796645817,3.884895941034145,4.290119200008755,148.0,Rep 1
2026-09-08 18:52:59+00:00,932.0,51.048756,3.690801,5.3,2260.104210516839,3.8669119924657758,4.3100713693871775,148.0,Rep 1
2026-09-08 18:53:00+00:00,933.0,51.048769,3.690749,5.3,2264.016080288443,3.851341162639856,4.327496828466554,144.0,Rep 1
2026-09-08 18:53:01+00:00,934.0,51.048781,3.690697,5.3,2267.888238624792,3.877537609276176,4.298260480258205,144.0,Rep 1
2026-09-08 18:53:02+00:00,935.0,51.048791,3.69065,5.3,2271.3567755042445,3.8241931357755803,4.358217818746886,148.0,Rep 1
2026-09-08 18:53:03+00:00,936.0,51.048804,3.690595,5.3,2275.4642414431564,3.8419866666059708,4.33803344804163,148.0,Rep 1
2026-09-08 18:53:04+00:00,937.0,51.048818,3.690544,5.3,2279.354385798525,3.8018641269030264,4.383814389559267,142.0,Rep 1
2026-09-08 18:53:05+00:00,938.0,51.048832,3.690494,5.3,2283.1805690135093,3.798055827260183,4.3882100276260445,142.0,Rep 1
2026-09-08 18:53:06+00:00,939.0,51.048841,3.690442,5.3,2286.950797581733,3.806852215467471,4.378070311988732,150.0,Rep 1
2026-09-08 18:53:07+00:00,940.0,51.048851,3.690391,5.3,2290.685262733484,3.749645250156848,4.444864928480768,150.0,Rep 1
2026-09-08 18:53:08+00:00,941.0,51.048857,3.690337,5.3,2294.51855871596,3.7601642437687355,4.432430496696072,140.0,Rep 1
2026-09-08 18:53:09+00:00,942.0,51.048862,3.690286,5.3,2298.126729884774,3.7313758444562724,4.466627689469672,140.0,Rep 1
2026-09-08 18:53:10+00:00,943.0,51.048872,3.690233,5.3,2301.994883256569,3.780991280451,4.40801510250472,148.0,Rep 1
2026-09-08 18:53:11+00:00,944.0,51.048884,3.690185,5.3,2305.605832193303,3.7561240126617963,4.4371981890064776,148.0,Rep 1
2026-09-08 18:53:12+00:00,945.0,51.048895,3.690134,5.3,2309.3748979452694,3.7549239918705495,4.438616255016128,142.0,Rep 1
2026-09-08 18:53:13+00:00,946.0,51.048906,3.690083,5.3,2313.1439628965936,3.7449110008326794,4.450484047006949,142.0,Rep 1
2026-09-08 18:53:14+00:00,947.0,51.048916,3.69004,5.3,2316.3488892691917,3.7328557305973478,4.46485690032269,148.0,Rep 1
2026-09-08 18:53:15+00:00,948.0,51.048928,3.689985,5.3,2320.418543944974,3.726364742057849,4.472634275050236,148.0,Rep 1
2026-09-08 18:53:16+00:00,949.0,51.048939,3.689939,5.3,2323.8588762916356,3.700166807278021,4.504301436866107,144.0,Rep 1
2026-09-08 18:53:17+00:00,950.0,51.048953,3.689883,5.3,2328.0716447110094,3.7174981369200424,4.483301955458422,144.0,Rep 1
2026-09-08 18:53:18+00:00,951.0,51.048963,3.689832,5.3,2331.806101633083,3.701995341811673,4.502076617554677,150.0,Rep 1
2026-09-08 18:53:19+00:00,952.0,51.048975,3.68978,5.3,2335.678245676583,3.710228776397083,4.492085979358738,150.0,Rep 1
2026-09-08 18:53:20+00:00,953.0,51.048987,3.689731,5.3,2339.3542340259996,3.705824604448721,4.497424580391333,142.0,Rep 1
2026-09-08 18:53:21+00:00,954.0,51.049,3.689684,5.3,2342.943633540693,3.707969505349597,4.494823013679366,142.0,Rep 1
2026-09-08 18:53:22+00:00,955.0,51.049011,3.689635,5.3,2346.5807338643517,3.741165164805793,4.454940087503955,146.0,Rep 1
2026-09-08 18:53:23+00:00,956.0,51.049022,3.689589,5.3,2350.0210608251305,3.716712226251497,4.484249963973102,146.0,Rep 1
2026-09-08 18:53:24+00:00,957.0,51.049032,3.689536,5.3,2353.889201938575,3.7361214621149883,4.460954183548358,142.0,Rep 1
2026-09-08 18:53:25+00:00,958.0,51.049041,3.689486,5.3,2357.5248133837445,3.694783562720464,4.510864136895483,142.0,Rep 1
2026-09-08 18:53:26+00:00,959.0,51.049051,3.689435,5.3,2361.2592638392593,3.6890892959874946,4.517826848158561,148.0,Rep 1
2026-09-08 18:53:27+00:00,960.0,51.049062,3.689385,5.3,2364.962267012,3.6999605474500266,4.504552535878566,148.0,Rep 1
2026-09-08 18:53:28+00:00,961.0,51.049072,3.689333,5.3,2368.763505476838,3.7317235105252595,4.466211556043375,148.0,Rep 1
2026-09-08 18:53:29+00:00,962.0,51.049081,3.689282,5.3,2372.4663667412788,3.7607922017011934,4.431690392020996,148.0,Rep 1
2026-09-08 18:53:30+00:00,963.0,51.04909,3.689231,5.3,2376.1692273387466,3.7787258491539557,4.410657806889663,142.0,Rep 1
2026-09-08 18:53:31+00:00,964.0,51.049094,3.689178,5.3,2379.900698223361,3.814276318979282,4.369548840427677,142.0,Rep 1
2026-09-08 18:53:32+00:00,965.0,51.04909,3.689127,5.3,2383.4933981518166,3.7901161865508226,4.39740257193384,146.0,Rep 1
2026-09-08 18:53:33+00:00,966.0,51.049097,3.689076,5.3,2387.142441072896,3.8428282844046593,4.337083375363131,146.0,Rep 1
2026-09-08 18:53:34+00:00,967.0,51.049114,3.689025,5.3,2391.177653888334,3.831082020047587,4.350381061917241,154.0,Rep 1
2026-09-08 18:53:35+00:00,968.0,51.049136,3.688977,5.3,2395.330086683879,3.824943576540518,4.357362751411063,154.0,Rep 1
2026-09-08 18:53:36+00:00,969.0,51.049156,3.688929,5.3,2399.3555165662115,3.809616416538009,4.374893649217447,146.0,Rep 1
2026-09-08 18:53:37+00:00,970.0,51.049175,3.688882,5.3,2403.2616216016613,3.7999759549351584,4.385992665301236,146.0,Rep 1
2026-09-08 18:53:38+00:00,971.0,51.049192,3.688832,5.3,2407.23520560982,3.7782107380881333,4.411259144083743,142.0,Rep 1
2026-09-08 18:53:39+00:00,972.0,51.049203,3.688785,5.3,2410.7409447368373,3.7495117665087028,4.445023166892356,142.0,Rep 1
2026-09-08 18:53:40+00:00,973.0,51.049199,3.688722,5.3,2415.1672376498145,3.759079957010792,4.433709007860515,142.0,Rep 1
2026-09-08 18:53:41+00:00,974.0,51.049205,3.688672,5.3,2418.7254941399733,3.713340403597047,4.48832179525528,150.0,Rep 1
2026-09-08 18:53:42+00:00,975.0,51.049217,3.688624,5.3,2422.336420660108,3.722360969563986,4.477445041720093,150.0,Rep 1
2026-09-08 18:53:43+00:00,976.0,51.049228,3.688576,5.3,2425.907751724908,3.685612602590803,4.522088581678614,120.0,Rep 1
2026-09-08 18:53:44+00:00,977.0,51.049234,3.688526,5.3,2429.466006065306,3.6410624655142696,4.577418493783693,120.0,Rep 1
2026-09-08 18:53:45+00:00,978.0,51.049241,3.688479,5.3,2432.842388410068,3.595152272203913,4.63587225373617,148.0,Rep 1
2026-09-08 18:53:46+00:00,979.0,51.04925,3.688434,5.3,2436.143374720991,3.5079533746005183,4.751108377706031,148.0,Rep 1
2026-09-08 18:53:47+00:00,980.0,51.049266,3.688387,5.3,2439.879597506978,3.523199434659209,4.73054874575353,146.0,Rep 1
2026-09-08 18:53:48+00:00,981.0,51.049279,3.68835,5.3,2442.842547126851,3.44735858601701,4.834619390703683,146.0,Rep 1
2026-09-08 18:53:49+00:00,982.0,51.049305,3.688307,5.3,2447.0130684317933,3.446862014699133,4.8353158889423815,124.0,Rep 1
2026-09-08 18:53:50+00:00,983.0,51.049315,3.688258,5.3,2450.6142757227403,3.4034023097172894,4.897060397203267,124.0,Rep 1
2026-09-08 18:53:51+00:00,984.0,51.049316,3.68821,5.3,2453.9714535489247,3.4056542520455984,4.893822282944862,144.0,Rep 1
2026-09-08 18:53:52+00:00,985.0,51.049317,3.688164,5.3,2457.1889056847194,3.3745883789778635,4.9388739588189035,144.0,Rep 1
2026-09-08 18:53:53+00:00,986.0,51.049319,3.688126,5.3,2459.854506228827,3.452407750842658,4.827548733952036,144.0,Rep 1
2026-09-08 18:53:54+00:00,987.0,51.049329,3.688075,5.3,2463.588936256725,3.479331396682182,4.790192357807496,144.0,Rep 1
2026-09-08 18:53:55+00:00,988.0,51.049341,3.688032,5.3,2466.8776164400692,3.4726924550005713,4.799350038229608,148.0,Rep 1
2026-09-08 18:53:56+00:00,989.0,51.049358,3.687989,5.3,2470.4284243604598,3.5008077425609825,4.7608060459996375,148.0,Rep 1
2026-09-08 18:53:57+00:00,990.0,51.049379,3.687963,5.1,2473.387455305867,3.4645680372342302,4.810604521991634,148.0,Rep 1
2026-09-08 18:53:58+00:00,991.0,51.049407,3.687937,5.0,2476.9925655055918,3.4482988125282934,4.833301164653611,148.0,Rep 1
2026-09-08 18:53:59+00:00,992.0,51.049428,3.687908,5.0,2480.084831749974,3.4062338351154993,4.892989581292657,146.0,Rep 1
2026-09-08 18:54:00+00:00,993.0,51.049428,3.687843,5.0,2484.628504672708,3.5194668437927636,4.735565756518332,146.0,Rep 1
2026-09-08 18:54:01+00:00,994.0,51.049428,3.68779,5.0,2488.3333456712235,3.6100526719030066,4.6167378100555485,148.0,Rep 1
2026-09-08 18:54:02+00:00,995.0,51.049429,3.687738,5.0,2491.9699843319863,3.6333604661617493,4.587121707820305,148.0,Rep 1
2026-09-08 18:54:03+00:00,996.0,51.049433,3.68769,5.0,2495.3546632652656,3.6745781488340876,4.535668039052281,144.0,Rep 1
2026-09-08 18:54:04+00:00,997.0,51.049439,3.687639,5.0,2498.9815889903066,3.6946018785377506,4.51108596124652,144.0,Rep 1
2026-09-08 18:54:05+00:00,998.0,51.049438,3.687591,5.0,2502.3387579106648,3.7507466899407667,4.443559654765668,148.0,Rep 1
2026-09-08 18:54:06+00:00,999.0,51.049438,3.687552,5.0,2505.0649610756573,3.7284418638652554,4.470142562284296,148.0,Rep 1
2026-09-08 18:54:07+00:00,1000.0,51.04946,3.687491,4.9,2509.9809083416108,3.797516335706558,4.388833435673872,140.0,Rep 1
2026-09-08 18:54:08+00:00,1001.0,51.049479,3.687442,4.9,2514.005296307372,3.726020487251582,4.4730475110619885,140.0,Rep 1
2026-09-08 18:54:09+00:00,1002.0,51.049498,3.687392,4.9,2518.089343249151,3.777373643942835,4.412236711979053,150.0,Rep 1
2026-09-08 18:54:10+00:00,1003.0,51.049516,3.687344,4.9,2521.9962886725807,3.789294840963536,4.39835572742835,150.0,Rep 1
2026-09-08 18:54:11+00:00,1004.0,51.049533,3.687296,4.9,2525.8474525385263,3.8259897137951673,4.35617132125906,140.0,Rep 1
2026-09-08 18:54:12+00:00,1005.0,51.049543,3.687244,4.9,2529.648655654979,3.8392700261970556,4.341103009932239,140.0,Rep 1
2026-09-08 18:54:13+00:00,1006.0,51.049553,3.6872,4.9,2532.919193463571,3.838970379187536,4.341441850404152,152.0,Rep 1
2026-09-08 18:54:14+00:00,1007.0,51.04956,3.687142,4.9,2537.0475767855723,3.9122987427541958,4.260070041311211,152.0,Rep 1
2026-09-08 18:54:15+00:00,1008.0,51.049568,3.687094,5.0,2540.518811981482,3.8209714480723904,4.361892490736797,144.0,Rep 1
2026-09-08 18:54:16+00:00,1009.0,51.049569,3.68703,5.0,2544.9939503303663,3.7919694087216462,4.395253460730148,144.0,Rep 1
2026-09-08 18:54:17+00:00,1010.0,51.049574,3.686976,5.0,2548.8094069464396,3.746613485104055,4.44846171961178,146.0,Rep 1
2026-09-08 18:54:18+00:00,1011.0,51.049584,3.686922,5.1,2552.744508972193,3.7067086539472522,4.496351945254298,146.0,Rep 1
2026-09-08 18:54:19+00:00,1012.0,51.049598,3.686872,5.1,2556.5706393832625,3.7167775448528837,4.484171157821166,140.0,Rep 1
2026-09-08 18:54:20+00:00,1013.0,51.04961,3.686828,5.1,2559.9233135984778,3.7189126658378555,4.481596682752897,140.0,Rep 1
2026-09-08 18:54:21+00:00,1014.0,51.049624,3.686778,5.1,2563.7494422169702,3.749837045318416,4.444637584311726,148.0,Rep 1
2026-09-08 18:54:22+00:00,1015.0,51.049636,3.686731,5.1,2567.2954800626967,3.7195663557192167,4.48080907093913,148.0,Rep 1
2026-09-08 18:54:23+00:00,1016.0,51.049649,3.686684,5.1,2570.884837438197,3.6979658232535058,4.506982341984754,148.0,Rep 1
2026-09-08 18:54:24+00:00,1017.0,51.049657,3.686637,5.1,2574.288545525712,3.662142180817404,4.551070341825616,148.0,Rep 1
2026-09-08 18:54:25+00:00,1018.0,51.049664,3.686591,5.1,2577.596918481789,3.645946018119155,4.57128728287221,142.0,Rep 1
2026-09-08 18:54:26+00:00,1019.0,51.049674,3.686536,5.1,2581.599115711319,3.631455437671172,4.589528070143383,142.0,Rep 1
2026-09-08 18:54:27+00:00,1020.0,51.04968,3.686482,5.1,2585.432345642546,3.6187505250569463,4.605641243092985,148.0,Rep 1
2026-09-08 18:54:28+00:00,1021.0,51.04969,3.686431,5.1,2589.1667491433464,3.6144825637590663,4.611079559153638,148.0,Rep 1
2026-09-08 18:54:29+00:00,1022.0,51.049698,3.68638,5.1,2592.84107212136,3.6332333191343205,4.587282236704188,140.0,Rep 1
2026-09-08 18:54:30+00:00,1023.0,51.049704,3.686336,5.1,2595.988299330284,3.637556641283434,4.581830143210139,140.0,Rep 1
2026-09-08 18:54:31+00:00,1024.0,51.049716,3.686283,5.1,2599.926083042627,3.6389919409268336,4.580022967135714,148.0,Rep 1
2026-09-08 18:54:32+00:00,1025.0,51.04973,3.686237,5.1,2603.4985972182267,3.646059682032565,4.57114477549515,148.0,Rep 1
2026-09-08 18:54:33+00:00,1026.0,51.049743,3.686188,5.1,2607.2163405372607,3.6429336872614204,4.575067266512845,140.0,Rep 1
2026-09-08 18:54:34+00:00,1027.0,51.049757,3.686141,5.1,2610.8518972591164,3.6311947504221846,4.589857557138432,140.0,Rep 1
2026-09-08 18:54:35+00:00,1028.0,51.049769,3.686098,5.1,2614.1405520548633,3.6236324302784904,4.599436335595928,148.0,Rep 1
2026-09-08 18:54:36+00:00,1029.0,51.049782,3.686043,5.1,2618.2479420039845,3.6286793221349356,4.59303928153696,148.0,Rep 1
2026-09-08 18:54:37+00:00,1030.0,51.049794,3.685995,5.1,2621.8588296819476,3.633202611025365,4.5873210087677965,140.0,Rep 1
2026-09-08 18:54:38+00:00,1031.0,51.049806,3.685947,5.1,2625.469716552099,3.6680461839720815,4.543745043204047,140.0,Rep 1
2026-09-08 18:54:39+00:00,1032.0,51.04982,3.685902,5.1,2628.9794407562,3.650185924049189,4.565977463465247,146.0,Rep 1
2026-09-08 18:54:40+00:00,1033.0,51.049834,3.685861,5.1,2632.24092379071,3.658881230232354,4.555126449296706,146.0,Rep 1
2026-09-08 18:54:41+00:00,1034.0,51.049848,3.685811,5.1,2636.0670369676513,3.659990850904926,4.553745445168493,140.0,Rep 1
2026-09-08 18:54:42+00:00,1035.0,51.049851,3.685758,5.1,2639.786832096723,3.649710700704425,4.566571992528027,140.0,Rep 1
2026-09-08 18:54:43+00:00,1036.0,51.049843,3.685705,5.1,2643.59693897537,3.647898894693862,4.568840076930192,148.0,Rep 1
2026-09-08 18:54:44+00:00,1037.0,51.049851,3.685653,5.1,2647.33911128674,3.6219215351471474,4.601608981567722,148.0,Rep 1
2026-09-08 18:54:45+00:00,1038.0,51.049868,3.685608,5.1,2651.0089920898645,3.619088738230073,4.605210834044802,144.0,Rep 1
2026-09-08 18:54:46+00:00,1039.0,51.049885,3.685563,5.1,2654.678871903364,3.6224968305233527,4.600878191592175,144.0,Rep 1
2026-09-08 18:54:47+00:00,1040.0,51.049896,3.685513,5.1,2658.381815671711,3.6211527336471154,4.60258594226168,146.0,Rep 1
2026-09-08 18:54:48+00:00,1041.0,51.049906,3.685462,5.1,2662.1162033008336,3.617377996337127,4.607388744981295,146.0,Rep 1
2026-09-08 18:54:49+00:00,1042.0,51.049918,3.685416,5.1,2665.5975577696818,3.5783340280945857,4.657660949428313,138.0,Rep 1
2026-09-08 18:54:50+00:00,1043.0,51.049932,3.685375,5.1,2668.8590354752705,3.552765225505431,4.691181546986572,138.0,Rep 1
2026-09-08 18:54:51+00:00,1044.0,51.049945,3.685326,5.1,2672.5767650311914,3.525579249700967,4.727355559538281,150.0,Rep 1
2026-09-08 18:54:52+00:00,1045.0,51.049954,3.685277,5.1,2676.1451607553986,3.5117503179714213,4.745971426662885,150.0,Rep 1
2026-09-08 18:54:53+00:00,1046.0,51.049958,3.685225,5.1,2679.807169009949,3.4939126596982093,4.770201287202832,140.0,Rep 1
2026-09-08 18:54:54+00:00,1047.0,51.049964,3.685176,5.1,2683.2967317609064,3.472763909945956,4.799251287694371,140.0,Rep 1
2026-09-08 18:54:55+00:00,1048.0,51.049974,3.685133,5.1,2686.5015937357666,3.4640672914762622,4.811299915471309,146.0,Rep 1
2026-09-08 18:54:56+00:00,1049.0,51.049981,3.685088,5.1,2689.74204738907,3.4532743572965696,4.826337250456501,146.0,Rep 1
2026-09-08 18:54:57+00:00,1050.0,51.049989,3.685042,5.1,2693.0783104793045,3.450997315702187,4.829521770658184,142.0,Rep 1
2026-09-08 18:54:58+00:00,1051.0,51.049999,3.684996,5.1,2696.4806277208845,3.4900615890941,4.775464914071262,142.0,Rep 1
2026-09-08 18:54:59+00:00,1052.0,51.050009,3.684948,5.1,2700.0153660563114,3.472026077985293,4.800271165111123,148.0,Rep 1
2026-09-08 18:55:00+00:00,1053.0,51.050019,3.684902,5.1,2703.417681985338,3.458640279526001,4.818849408921704,148.0,Rep 1
2026-09-08 18:55:01+00:00,1054.0,51.050031,3.684858,5.1,2706.770330552554,3.4340327057942996,4.853380294993908,140.0,Rep 1
2026-09-08 18:55:02+00:00,1055.0,51.050045,3.684812,5.1,2710.3428250438556,3.3976804731497685,4.905307252513973,140.0,Rep 1
2026-09-08 18:55:03+00:00,1056.0,51.050059,3.684766,5.1,2713.9153186602825,3.351285256828659,4.9732163601132635,148.0,Rep 1
2026-09-08 18:55:04+00:00,1057.0,51.050073,3.684722,5.1,2717.3625175052152,3.28142009530341,5.079101785998423,148.0,Rep 1
2026-09-08 18:55:05+00:00,1058.0,51.050092,3.684676,5.1,2721.2099593116827,3.1801653595109065,5.2408176250400755,142.0,Rep 1
2026-09-08 18:55:06+00:00,1059.0,51.050106,3.684632,5.1,2724.6571562009713,3.0569330475493004,5.452087568626371,142.0,Rep 1
2026-09-08 18:55:07+00:00,1060.0,51.050115,3.684586,5.1,2728.024764948289,2.917102486066594,5.713431991599279,126.0,Rep 1
2026-09-08 18:55:08+00:00,1061.0,51.050113,3.684539,5.1,2731.317659596864,2.7663028836196983,6.024888585178491,126.0,easy
2026-09-08 18:55:09+00:00,1062.0,51.050111,3.684497,5.1,2734.2619388581534,2.6173547156733554,6.3677523596104955,126.0,easy
2026-09-08 18:55:10+00:00,1063.0,51.050116,3.684462,5.1,2736.770872588197,2.44442993571981,6.818222286972133,126.0,easy
2026-09-08 18:55:11+00:00,1064.0,51.050119,3.684431,5.1,2738.963348818622,2.2719250108619518,7.335922879049364,104.0,easy
2026-09-08 18:55:12+00:00,1065.0,51.050119,3.684405,5.1,2740.7807908719687,2.127293866071883,7.834679981211155,104.0,easy
2026-09-08 18:55:13+00:00,1066.0,51.050117,3.684383,5.1,2742.3346234341248,1.9589647162902153,8.50789528166139,100.0,easy
2026-09-08 18:55:14+00:00,1067.0,51.050114,3.684363,5.1,2743.771903347311,1.8089186117170009,9.21360782000407,100.0,easy
2026-09-08 18:55:15+00:00,1068.0,51.050112,3.684347,5.1,2744.9122252396337,1.6633717459036885,10.019808685407169,100.0,easy
2026-09-08 18:55:16+00:00,1069.0,51.050112,3.684331,5.0,2746.030651287654,1.5346866092801867,10.859980510603286,100.0,easy
2026-09-08 18:55:17+00:00,1070.0,51.050112,3.684317,5.0,2747.0092740796526,1.4547775308240627,11.456505419922033,100.0,easy
2026-09-08 18:55:18+00:00,1071.0,51.050111,3.684303,5.0,2747.994193823212,1.392656572471837,11.967535281928747,100.0,easy
2026-09-08 18:55:19+00:00,1072.0,51.050113,3.684285,5.0,2749.2719254962935,1.342478420417102,12.41484884463797,96.0,easy
2026-09-08 18:55:20+00:00,1073.0,51.050121,3.684271,5.0,2750.594430056036,1.3171341700898063,12.653734938430974,96.0,easy
2026-09-08 18:55:21+00:00,1074.0,51.050128,3.684258,5.0,2751.7909353767263,1.3093638799606704,12.728827273872323,96.0,easy
2026-09-08 18:55:22+00:00,1075.0,51.050134,3.684244,5.0,2752.9753411368442,1.3010088995062106,12.81057083698074,96.0,easy
2026-09-08 18:55:23+00:00,1076.0,51.050141,3.684228,5.0,2754.3379587360664,1.307839793566978,12.74366076689738,86.0,easy
2026-09-08 18:55:24+00:00,1077.0,51.050154,3.684214,5.0,2756.083601820514,1.3123984328412022,12.699395434803375,86.0,easy
2026-09-08 18:55:25+00:00,1078.0,51.050164,3.684198,5.0,2757.6607211752744,1.3304230253393838,12.527343821650328,86.0,easy
2026-09-08 18:55:26+00:00,1079.0,51.050169,3.684179,5.0,2759.100525124878,1.3515817617711023,12.331230812723305,86.0,easy
2026-09-08 18:55:27+00:00,1080.0,51.050172,3.684159,5.0,2760.5378034233154,1.346996710100612,12.373205176887012,104.0,easy
2026-09-08 18:55:28+00:00,1081.0,51.050175,3.684139,5.0,2761.975081633534,1.338397497763065,12.452703097938059,104.0,easy
2026-09-08 18:55:29+00:00,1082.0,51.05018,3.684122,5.0,2763.2870368399035,1.3319843455761233,12.512659568425958,100.0,easy
2026-09-08 18:55:30+00:00,1083.0,51.050186,3.684107,5.0,2764.529822143138,1.3263778264459012,12.565549826270749,100.0,easy
2026-09-08 18:55:31+00:00,1084.0,51.050191,3.684092,5.0,2765.716627780272,1.3263777246981043,12.565550790186974,100.0,easy
2026-09-08 18:55:32+00:00,1085.0,51.050196,3.684076,5.0,2766.9656194597433,1.2814540712639628,13.006058539599076,100.0,easy
2026-09-08 18:55:33+00:00,1086.0,51.050202,3.68406,5.0,2768.2679202497784,1.249253642031523,13.341299241332218,100.0,easy
2026-09-08 18:55:34+00:00,1087.0,51.050204,3.684043,5.0,2769.4768761478026,1.2242871352292004,13.61336420769175,100.0,easy
2026-09-08 18:55:35+00:00,1088.0,51.050205,3.684026,5.0,2770.6703925224815,1.2113208642402993,13.759084944945164,104.0,easy
2026-09-08 18:55:36+00:00,1089.0,51.050208,3.684011,5.0,2771.770700560368,1.2029658935511058,13.854646051075774,104.0,easy
2026-09-08 18:55:37+00:00,1090.0,51.050211,3.683996,5.0,2772.8710085335324,1.198768244360937,13.903159968632353,104.0,easy
2026-09-08 18:55:38+00:00,1091.0,51.050218,3.68398,5.0,2774.233624606538,1.246145850529043,13.374571411196323,104.0,easy
2026-09-08 18:55:39+00:00,1092.0,51.050224,3.683968,5.0,2775.3054128894732,1.2420604027771909,13.418563726370113,102.0,easy
2026-09-08 18:55:40+00:00,1093.0,51.050231,3.683957,5.0,2776.399525805747,1.242060294656239,13.418564894451801,102.0,easy
2026-09-08 18:55:41+00:00,1094.0,51.050236,3.683944,5.0,2777.464832153316,1.2354814648437356,13.490017568798313,100.0,easy
2026-09-08 18:55:42+00:00,1095.0,51.050242,3.683929,5.0,2778.7076163869197,1.2539698753615827,13.291122054954332,100.0,easy
2026-09-08 18:55:43+00:00,1096.0,51.050247,3.683912,5.0,2780.019570036801,1.2693464152222123,13.130116780413323,102.0,easy
2026-09-08 18:55:44+00:00,1097.0,51.050252,3.683896,5.0,2781.2685605053175,1.3077469601309053,12.744565405067611,102.0,easy
2026-09-08 18:55:45+00:00,1098.0,51.050261,3.683872,5.0,2783.2220099010738,1.3094279840930818,12.728204123581571,102.0,easy
2026-09-08 18:55:46+00:00,1099.0,51.050266,3.683858,5.0,2784.34753382193,1.3145736062439224,12.67838224311201,102.0,easy
2026-09-08 18:55:47+00:00,1100.0,51.050271,3.683842,5.0,2785.596523879587,1.3263870045523278,12.565462877323558,100.0,easy
2026-09-08 18:55:48+00:00,1101.0,51.050275,3.683826,5.0,2786.8001422224347,1.378184054153135,12.09320817233514,100.0,easy
2026-09-08 18:55:49+00:00,1102.0,51.050281,3.683807,5.0,2788.2864242782266,1.4053058695392713,11.859814313684483,100.0,easy
2026-09-08 18:55:50+00:00,1103.0,51.050287,3.683789,5.0,2789.710588750815,1.4203154629156325,11.734482304693936,100.0,easy
2026-09-08 18:55:51+00:00,1104.0,51.050293,3.683767,5.0,2791.3869049623318,1.4540142084502858,11.462519808819678,100.0,easy
2026-09-08 18:55:52+00:00,1105.0,51.050298,3.683753,5.0,2792.512428294929,1.459289874202988,11.42108018516157,100.0,easy
2026-09-08 18:55:53+00:00,1106.0,51.050303,3.683734,5.0,2793.952228700197,1.4179113884878947,11.754378166353911,100.0,easy
2026-09-08 18:55:54+00:00,1107.0,51.050308,3.683718,5.0,2795.2012179577587,1.4234733488023685,11.708450095457758,100.0,easy
2026-09-08 18:55:55+00:00,1108.0,51.050304,3.683692,5.0,2797.0722866180445,1.4335822364334108,11.625888102611702,100.0,easy
2026-09-08 18:55:56+00:00,1109.0,51.050303,3.683671,5.0,2798.5444201964056,1.4511459701798917,11.485175860427452,100.0,easy
2026-09-08 18:55:57+00:00,1110.0,51.050303,3.68365,5.0,2800.0123483306547,1.4966931040060274,11.13566075908074,100.0,easy
2026-09-08 18:55:58+00:00,1111.0,51.050303,3.683624,5.0,2801.8297831635555,1.485110004818634,11.2225132229865,100.0,easy
2026-09-08 18:55:59+00:00,1112.0,51.050303,3.683605,5.0,2803.157908618363,1.4842193585378307,11.229247597933048,100.0,easy
2026-09-08 18:56:00+00:00,1113.0,51.050304,3.683586,5.0,2804.4906807283924,1.5166796886674474,10.988916638891615,100.0,easy
2026-09-08 18:56:01+00:00,1114.0,51.050306,3.683569,5.0,2805.699634053966,1.5165112115240582,10.990137454979353,98.0,easy
2026-09-08 18:56:02+00:00,1115.0,51.05031,3.68355,5.0,2807.1002574260883,1.5230195773442394,10.943172966777691,98.0,easy
2026-09-08 18:56:03+00:00,1116.0,51.050314,3.68353,5.0,2808.567331775133,1.48164283590462,11.248774848285754,98.0,easy
2026-09-08 18:56:04+00:00,1117.0,51.050319,3.6835,5.0,2810.736820838317,1.4626207504746305,11.395070568538166,98.0,easy
2026-09-08 18:56:05+00:00,1118.0,51.050326,3.683486,5.0,2811.9872388230942,1.4443263708918417,11.539404806668,98.0,easy
2026-09-08 18:56:06+00:00,1119.0,51.050335,3.683467,5.0,2813.6501953403986,1.3980929859175857,11.921000129850539,98.0,easy
2026-09-08 18:56:07+00:00,1120.0,51.050341,3.683446,5.0,2815.2626236249403,1.3984026562464782,11.918360275002975,98.0,easy
2026-09-08 18:56:08+00:00,1121.0,51.050344,3.683426,5.0,2816.6998968730572,1.3937596107709995,11.958064029023632,98.0,easy
2026-09-08 18:56:09+00:00,1122.0,51.050346,3.683407,5.0,2818.0465116179216,1.3983443898454448,11.918856890832728,98.0,easy
2026-09-08 18:56:10+00:00,1123.0,51.050353,3.683393,5.0,2819.2969291566133,1.368226859661461,12.181215818837588,98.0,easy
2026-09-08 18:56:11+00:00,1124.0,51.050358,3.683378,5.0,2820.4837314535243,1.3455774506787885,12.386255921767281,108.0,easy
2026-09-08 18:56:12+00:00,1125.0,51.050359,3.683361,5.0,2821.677243894032,1.3076182626679893,12.74581974150541,108.0,easy
2026-09-08 18:56:13+00:00,1126.0,51.05036,3.683345,5.0,2822.801177952319,1.3202436127612382,12.623932814799975,98.0,easy
2026-09-08 18:56:14+00:00,1127.0,51.050359,3.683326,5.0,2824.13394846206,1.3027545932033315,12.79340464706031,98.0,easy
2026-09-08 18:56:15+00:00,1128.0,51.05036,3.683308,5.0,2825.3970748899574,1.282079160036657,12.999717323375053,98.0,easy
2026-09-08 18:56:16+00:00,1129.0,51.050362,3.68329,5.0,2826.6747999016475,1.2779664929732073,13.041552152037593,98.0,easy
2026-09-08 18:56:17+00:00,1130.0,51.050367,3.683279,5.0,2827.6236603210104,1.2790454195268213,13.030551075217053,100.0,easy
2026-09-08 18:56:18+00:00,1131.0,51.050373,3.683266,5.0,2828.750993535315,1.33478193490772,12.486434098929362,100.0,easy
2026-09-08 18:56:19+00:00,1132.0,51.05038,3.683246,5.0,2830.351094778337,1.3271141487603482,12.558578086319804,100.0,easy
2026-09-08 18:56:20+00:00,1133.0,51.050385,3.683227,5.0,2831.7908930145136,1.3365147812363753,12.470244924076905,100.0,easy
2026-09-08 18:56:21+00:00,1134.0,51.050389,3.683208,5.0,2833.1915142384496,1.3461745878176037,12.380761617025023,92.0,easy
2026-09-08 18:56:22+00:00,1135.0,51.050395,3.683192,5.0,2834.493811025491,1.333253520404914,12.500748290996402,92.0,easy
2026-09-08 18:56:23+00:00,1136.0,51.0504,3.683174,5.0,2835.8693942676564,1.3398982870271814,12.438755111512851,106.0,easy
2026-09-08 18:56:24+00:00,1137.0,51.050406,3.683157,5.0,2837.232192910825,1.346422097823772,12.378485687070254,106.0,easy
2026-09-08 18:56:25+00:00,1138.0,51.050414,3.68313,5.0,2839.3186581802297,1.3683462595146714,12.180152904118028,106.0,easy
2026-09-08 18:56:26+00:00,1139.0,51.05042,3.683118,5.0,2840.3904436849302,1.372758066573449,12.141007998786305,106.0,easy
2026-09-08 18:56:27+00:00,1140.0,51.050424,3.6831,5.0,2841.724965612578,1.3463256174371305,12.37937275411381,86.0,easy
2026-09-08 18:56:28+00:00,1141.0,51.050428,3.683083,5.0,2842.9937967695837,1.3378023289314251,12.458243124736695,86.0,easy
2026-09-08 18:56:29+00:00,1142.0,51.050432,3.683068,5.0,2844.132751268134,1.326711120462891,12.562393131107282,86.0,easy
2026-09-08 18:56:30+00:00,1143.0,51.050438,3.683051,5.0,2845.4955491953656,1.3357093300214682,12.477764654379401,86.0,easy
2026-09-08 18:56:31+00:00,1144.0,51.050443,3.683033,5.0,2846.8711313690046,1.3560909524954725,12.290227757951442,102.0,easy
2026-09-08 18:56:32+00:00,1145.0,51.050441,3.683015,5.0,2848.148854213731,1.3596110384157045,12.258407879718016,102.0,easy
2026-09-08 18:56:33+00:00,1146.0,51.050442,3.682998,5.0,2849.342364533917,1.3279511013224523,12.550662934854312,106.0,easy
2026-09-08 18:56:34+00:00,1147.0,51.050446,3.682982,5.0,2850.5459790398945,1.3639364818761703,12.219532865446007,106.0,easy
2026-09-08 18:56:35+00:00,1148.0,51.050451,3.682965,5.0,2851.857927948485,1.377757635742738,12.09695104152466,106.0,easy
2026-09-08 18:56:36+00:00,1149.0,51.050454,3.682948,5.0,2853.0921810453933,1.3959581743188063,11.939230682752795,106.0,easy
2026-09-08 18:56:37+00:00,1150.0,51.050457,3.682928,5.0,2854.5294509758132,1.422549500662227,11.716053929165895,102.0,easy
2026-09-08 18:56:38+00:00,1151.0,51.050458,3.682904,5.0,2856.2107585550884,1.4275142969489711,11.67530630151191,102.0,easy
2026-09-08 18:56:39+00:00,1152.0,51.050456,3.682884,5.1,2857.6263584870603,1.4404543803192253,11.570423120913482,100.0,easy
2026-09-08 18:56:40+00:00,1153.0,51.050455,3.682861,5.1,2859.2379247000667,1.4543580048474787,11.459810178178605,100.0,easy
2026-09-08 18:56:41+00:00,1154.0,51.050456,3.682838,5.1,2860.849490913073,1.4707770405326486,11.331878461082557,100.0,easy
2026-09-08 18:56:42+00:00,1155.0,51.050455,3.682816,5.1,2862.3913301487196,1.5324432933693222,10.87587823887586,100.0,easy
2026-09-08 18:56:43+00:00,1156.0,51.050456,3.682794,5.1,2863.933169384366,1.5569233881947417,10.704872695111687,98.0,easy
2026-09-08 18:56:44+00:00,1157.0,51.050456,3.682772,5.1,2865.4709937780676,1.5782117849067927,10.560475359554472,98.0,easy
2026-09-08 18:56:45+00:00,1158.0,51.050459,3.682752,5.1,2866.9082636496005,1.580535589849696,10.544948670375474,102.0,easy
2026-09-08 18:56:46+00:00,1159.0,51.050464,3.682731,5.1,2868.477947073793,1.5642663055890735,10.654622302556284,102.0,easy
2026-09-08 18:56:47+00:00,1160.0,51.05047,3.682712,5.1,2869.9642242864434,1.5847987230940068,10.51658259424155,102.0,easy
2026-09-08 18:56:48+00:00,1161.0,51.050475,3.682693,5.1,2871.404020141907,1.5957992066127695,10.444087575430746,102.0,easy
2026-09-08 18:56:49+00:00,1162.0,51.050492,3.682679,5.1,2873.532628440434,1.5869957746978967,10.50202334019406,96.0,easy
2026-09-08 18:56:50+00:00,1163.0,51.050502,3.682661,5.1,2875.211778771406,1.564447326246179,10.65338946671831,96.0,easy
2026-09-08 18:56:51+00:00,1164.0,51.050511,3.682644,5.1,2876.7653578189947,1.5439414453279865,10.794882614946637,96.0,easy
2026-09-08 18:56:52+00:00,1165.0,51.050512,3.682623,5.1,2878.2374848235586,1.532711245339299,10.87397689378676,96.0,easy
2026-09-08 18:56:53+00:00,1166.0,51.050509,3.682603,5.1,2879.6747531389246,1.521101354077785,10.956973131334403,98.0,easy
2026-09-08 18:56:54+00:00,1167.0,51.050516,3.682581,5.1,2881.3983393334706,1.5016371353202755,11.098997403997958,98.0,easy
2026-09-08 18:56:55+00:00,1168.0,51.050524,3.682559,5.1,2883.1749127992584,1.4914030026811131,11.175159656179316,102.0,easy
2026-09-08 18:56:56+00:00,1169.0,51.050531,3.682541,5.1,2884.6544275335414,1.5075035722268948,11.055805753114436,102.0,easy
2026-09-08 18:56:57+00:00,1170.0,51.050535,3.682525,5.1,2885.858040042412,1.44980444348675,11.495803273014996,102.0,easy
2026-09-08 18:56:58+00:00,1171.0,51.050538,3.682508,5.1,2887.0922910642857,1.4322342360252704,11.636830238690509,102.0,easy
2026-09-08 18:56:59+00:00,1172.0,51.050541,3.682489,5.1,2888.461662458157,1.424480108923631,11.700175075986404,96.0,easy
2026-09-08 18:57:00+00:00,1173.0,51.050542,3.682471,5.1,2889.724783960767,1.4252975940456865,11.693464393887439,96.0,easy
2026-09-08 18:57:01+00:00,1174.0,51.050544,3.682453,5.1,2891.002504103597,1.4366580477790618,11.600997671249443,104.0,easy
2026-09-08 18:57:02+00:00,1175.0,51.050545,3.682434,5.1,2892.3352693266597,1.4243788730511646,11.70100665068485,104.0,easy
2026-09-08 18:57:03+00:00,1176.0,51.050546,3.68241,5.0,2894.0165737253105,1.4019268454326965,11.888399684309203,104.0,easy
2026-09-08 18:57:04+00:00,1177.0,51.050547,3.682392,5.0,2895.2796950927354,1.4023774774478517,11.884579533463327,104.0,easy
2026-09-08 18:57:05+00:00,1178.0,51.050549,3.682372,5.0,2896.695292311785,1.420770862130731,11.730721054957206,96.0,easy
2026-09-08 18:57:06+00:00,1179.0,51.050552,3.682352,5.0,2898.1325594528494,1.4301558566725057,11.653741505799532,96.0,easy
2026-09-08 18:57:07+00:00,1180.0,51.05056,3.682335,5.0,2899.616948734244,1.4285253777343743,11.66704276062622,104.0,easy
2026-09-08 18:57:08+00:00,1181.0,51.050569,3.682317,5.0,2901.224623855611,1.4390201620746839,11.581954934278176,104.0,easy
2026-09-08 18:57:09+00:00,1182.0,51.050576,3.682298,4.9,2902.7640224292386,1.4563600824318348,11.444056224636844,104.0,easy
2026-09-08 18:57:10+00:00,1183.0,51.050581,3.682279,4.9,2904.203815480749,1.4618820743969283,11.40082839687475,104.0,easy
2026-09-08 18:57:11+00:00,1184.0,51.050587,3.68226,4.9,2905.6900896952598,1.4572324880046277,11.43720497851935,104.0,easy
2026-09-08 18:57:12+00:00,1185.0,51.050594,3.682242,4.9,2907.1696029743734,1.471165973807215,11.32888264370007,104.0,easy
2026-09-08 18:57:13+00:00,1186.0,51.050602,3.682227,4.9,2908.5446289143733,1.4816984124967227,11.248352921282171,104.0,easy
2026-09-08 18:57:14+00:00,1187.0,51.050613,3.682219,4.9,2909.8895431241726,1.4881354528605126,11.199697335769933,104.0,easy
2026-09-08 18:57:15+00:00,1188.0,51.05062,3.682202,4.9,2911.310086391887,1.5204973596642521,10.961325621997073,104.0,easy
2026-09-08 18:57:16+00:00,1189.0,51.05062,3.68218,5.0,2912.8479053400742,1.5319240432255734,10.879564649676645,104.0,easy
2026-09-08 18:57:17+00:00,1190.0,51.050618,3.68216,5.0,2914.2635004426133,1.534203032326644,10.863403549262573,100.0,easy
2026-09-08 18:57:18+00:00,1191.0,51.050617,3.682137,5.0,2915.8750610453794,1.5649208538676371,10.650165869715192,100.0,easy
2026-09-08 18:57:19+00:00,1192.0,51.050618,3.682116,5.0,2917.347184699843,1.6348936812721648,10.194342823380284,100.0,easy
2026-09-08 18:57:20+00:00,1193.0,51.050621,3.682094,5.0,2918.9207684992357,1.7298604779457984,9.634688392013128,100.0,easy
2026-09-08 18:57:21+00:00,1194.0,51.050625,3.682073,5.0,2920.4545912457565,1.811740872846716,9.199255211634654,140.0,easy
2026-09-08 18:57:22+00:00,1195.0,51.050627,3.682045,5.1,2922.424409129207,1.9645455681587725,8.483726179121993,140.0,easy
2026-09-08 18:57:23+00:00,1196.0,51.05063,3.68202,5.1,2924.2034845039934,2.052192489182553,8.121395412233225,144.0,easy
2026-09-08 18:57:24+00:00,1197.0,51.050633,3.681998,5.1,2925.777067914137,2.192136766453673,7.60293195284031,144.0,easy
2026-09-08 18:57:25+00:00,1198.0,51.050638,3.681972,5.1,2927.6776282887627,2.3351228348671045,7.137383275006684,148.0,easy
2026-09-08 18:57:26+00:00,1199.0,51.050644,3.681937,5.1,2930.213494914341,2.4492205441389197,6.804886030598857,148.0,easy
2026-09-08 18:57:27+00:00,1200.0,51.050653,3.681898,5.1,2933.1175101435592,2.574586012354617,6.473532671539677,144.0,easy
2026-09-08 18:57:28+00:00,1201.0,51.050661,3.681863,5.1,2935.720742007073,2.6964983119003896,6.180855590790499,144.0,easy
2026-09-08 18:57:29+00:00,1202.0,51.050672,3.681814,5.1,2939.357726646553,2.9079302581600786,5.731453366151942,148.0,Rep 2
2026-09-08 18:57:30+00:00,1203.0,51.050683,3.681779,5.1,2942.0929737296246,3.101209728061286,5.374246867555712,148.0,Rep 2
2026-09-08 18:57:31+00:00,1204.0,51.050694,3.68173,5.1,2945.7299568368785,3.269256363203451,5.0979993047518235,144.0,Rep 2
2026-09-08 18:57:32+00:00,1205.0,51.050709,3.681685,5.1,2949.290342965619,3.3900132123722644,4.916401684170328,144.0,Rep 2
2026-09-08 18:57:33+00:00,1206.0,51.050723,3.681643,5.1,2952.6133692074623,3.565615840471317,4.67427435044814,152.0,Rep 2
2026-09-08 18:57:34+00:00,1207.0,51.050735,3.681599,5.1,2955.965974885162,3.6722651146854006,4.538524901161577,152.0,Rep 2
2026-09-08 18:57:35+00:00,1208.0,51.050745,3.681553,5.1,2959.368243177741,3.7499507279298507,4.4445028417393235,144.0,Rep 2
2026-09-08 18:57:36+00:00,1209.0,51.050756,3.681488,5.1,2964.073545118157,3.8622241025823465,4.315302847269546,144.0,Rep 2
2026-09-08 18:57:37+00:00,1210.0,51.05077,3.681422,5.1,2968.942555050126,3.847819370897244,4.331457654359771,148.0,Rep 2
2026-09-08 18:57:38+00:00,1211.0,51.050786,3.681366,5.1,2973.242329952045,3.9989138323417737,4.167798398623315,148.0,Rep 2
2026-09-08 18:57:39+00:00,1212.0,51.0508,3.681323,5.1,2976.627266099721,4.034635352843197,4.13089789017035,142.0,Rep 2
2026-09-08 18:57:40+00:00,1213.0,51.050812,3.681261,5.1,2981.1618658958323,4.073792560804245,4.09119178699083,142.0,Rep 2
2026-09-08 18:57:41+00:00,1214.0,51.050824,3.681205,5.1,2985.297471634622,4.123115756415819,4.042250485141563,148.0,Rep 2
2026-09-08 18:57:42+00:00,1215.0,51.050834,3.681149,5.1,2989.3667710625073,4.170908629463847,3.995931857373029,148.0,Rep 2
2026-09-08 18:57:43+00:00,1216.0,51.050842,3.681089,5.1,2993.6541035458085,4.221946922868283,3.9476258160402824,144.0,Rep 2
2026-09-08 18:57:44+00:00,1217.0,51.050848,3.681041,5.1,2997.0750172100124,4.126290218428566,4.039140677073827,144.0,Rep 2
2026-09-08 18:57:45+00:00,1218.0,51.050862,3.680973,5.1,3002.0766812147517,4.153309847952841,4.012863782576114,150.0,Rep 2
2026-09-08 18:57:46+00:00,1219.0,51.050875,3.680917,5.1,3006.249487129527,4.0979880529031965,4.067036421655564,150.0,Rep 2
2026-09-08 18:57:47+00:00,1220.0,51.050889,3.680862,5.1,3010.3972313776835,4.206163528885571,3.9624390616792122,142.0,Rep 2
2026-09-08 18:57:48+00:00,1221.0,51.050904,3.680809,5.1,3014.4601055537005,4.186777172105033,3.980786648429866,142.0,Rep 2
2026-09-08 18:57:49+00:00,1222.0,51.050916,3.680754,5.1,3018.52960432712,4.210581368513626,3.9582815787146637,150.0,Rep 2
2026-09-08 18:57:50+00:00,1223.0,51.050927,3.680697,5.1,3022.6974470207656,4.214512133472438,3.954589793275693,150.0,Rep 2
2026-09-08 18:57:51+00:00,1224.0,51.050937,3.680653,5.1,3025.967898394586,4.199975729199742,3.9682768999815896,140.0,Rep 2
2026-09-08 18:57:52+00:00,1225.0,51.050949,3.68058,5.1,3031.242202769419,4.254329520852722,3.917577748732087,140.0,Rep 2
2026-09-08 18:57:53+00:00,1226.0,51.050954,3.680531,5.1,3034.712150745593,4.159047474837359,4.0073278238590975,148.0,Rep 2
2026-09-08 18:57:54+00:00,1227.0,51.05096,3.68046,5.2,3039.7197190330044,4.210499065670642,3.958358951449387,148.0,Rep 2
2026-09-08 18:57:55+00:00,1228.0,51.050969,3.680401,5.2,3043.9635234774078,4.2297081722463785,3.940382170104912,148.0,Rep 2
2026-09-08 18:57:56+00:00,1229.0,51.050977,3.680338,5.2,3048.4561921623263,4.248370853677224,3.9230724531123857,148.0,Rep 2
2026-09-08 18:57:57+00:00,1230.0,51.050984,3.68028,5.2,3052.5844530645936,4.255256923408285,3.9167239409171457,142.0,Rep 2
2026-09-08 18:57:58+00:00,1231.0,51.050994,3.680224,5.2,3056.6537394838047,4.2643477514319335,3.90837418479066,142.0,Rep 2
2026-09-08 18:57:59+00:00,1232.0,51.05101,3.680169,5.2,3060.8899600228033,4.337658147209965,3.8423190811813672,150.0,Rep 2
2026-09-08 18:58:00+00:00,1233.0,51.051024,3.680123,5.2,3064.4623933373123,4.215383931837463,3.9537719306629695,150.0,Rep 2
2026-09-08 18:58:01+00:00,1234.0,51.05104,3.680057,5.2,3069.406973114587,4.3174965976162145,3.8602616793881674,142.0,Rep 2
2026-09-08 18:58:02+00:00,1235.0,51.051051,3.679996,5.2,3073.842853961379,4.230027177681752,3.9400850081064402,142.0,Rep 2
2026-09-08 18:58:03+00:00,1236.0,51.051065,3.679938,5.2,3078.185668358859,4.264347736041404,3.9083741988964396,148.0,Rep 2
2026-09-08 18:58:04+00:00,1237.0,51.051078,3.679882,5.2,3082.3584581782447,4.241465594728774,3.929459356544053,148.0,Rep 2
2026-09-08 18:58:05+00:00,1238.0,51.051091,3.679824,5.2,3086.6626632922453,4.220010818542722,3.9494369524915327,144.0,Rep 2
2026-09-08 18:58:06+00:00,1239.0,51.051104,3.679765,5.1,3091.0327706027365,4.215339557899466,3.9538135511369776,144.0,Rep 2
2026-09-08 18:58:07+00:00,1240.0,51.051115,3.679719,5.1,3094.472961746982,4.206908278927876,3.961737590084598,148.0,Rep 2
2026-09-08 18:58:08+00:00,1241.0,51.051129,3.679651,5.1,3099.4745997098375,4.238207701125751,3.932479916508026,148.0,Rep 2
2026-09-08 18:58:09+00:00,1242.0,51.051135,3.679599,5.1,3103.170126698232,4.1397938799524265,4.025965337882521,144.0,Rep 2
2026-09-08 18:58:10+00:00,1243.0,51.051154,3.679538,5.1,3107.92873951803,4.105568429120647,4.059527189572729,144.0,Rep 2
2026-09-08 18:58:11+00:00,1244.0,51.051172,3.679486,5.1,3112.0781760832588,4.0700473245236815,4.094956480295268,148.0,Rep 2
2026-09-08 18:58:12+00:00,1245.0,51.051184,3.679435,5.1,3115.8846153427353,4.047693501284751,4.117571318425323,148.0,Rep 2
2026-09-08 18:58:13+00:00,1246.0,51.051199,3.679383,5.1,3119.8838328522975,4.018878137890935,4.147094312099037,122.0,Rep 2
2026-09-08 18:58:14+00:00,1247.0,51.051215,3.67933,5.1,3123.993584206722,3.9431586010776427,4.226729977868951,122.0,Rep 2
2026-09-08 18:58:15+00:00,1248.0,51.051228,3.679276,5.2,3128.035508854199,3.998354485888307,4.168381449291099,140.0,Rep 2
2026-09-08 18:58:16+00:00,1249.0,51.051238,3.679229,5.2,3131.503881313874,3.9008269214883953,4.272598349559009,140.0,Rep 2
2026-09-08 18:58:17+00:00,1250.0,51.051245,3.679174,5.2,3135.42638039819,3.932972219913082,4.237677190365458,150.0,Rep 2
2026-09-08 18:58:18+00:00,1251.0,51.051253,3.679121,5.2,3139.236378226715,3.869730888608997,4.306931708281559,150.0,Rep 2
2026-09-08 18:58:19+00:00,1252.0,51.051262,3.679068,5.2,3143.0738606975165,3.8454734361346206,4.334100064261426,144.0,Rep 2
2026-09-08 18:58:20+00:00,1253.0,51.051274,3.679016,5.2,3146.9458353606096,3.846778182990478,4.33263002799658,144.0,Rep 2
2026-09-08 18:58:21+00:00,1254.0,51.051283,3.678972,5.2,3150.1801496189014,3.792190373165048,4.394997356832666,146.0,Rep 2
2026-09-08 18:58:22+00:00,1255.0,51.051295,3.678914,5.2,3154.4482790353068,3.8219229969848385,4.360806504949263,146.0,Rep 2
2026-09-08 18:58:23+00:00,1256.0,51.051303,3.678865,5.2,3157.9870035321637,3.779018289641003,4.410316486785238,144.0,Rep 2
2026-09-08 18:58:24+00:00,1257.0,51.051309,3.678806,5.2,3162.1647099969287,3.8361682195435085,4.344613091198056,144.0,Rep 2
2026-09-08 18:58:25+00:00,1258.0,51.051317,3.678753,5.2,3165.974702847165,3.830499703945045,4.3510424108639425,150.0,Rep 2
2026-09-08 18:58:26+00:00,1259.0,51.051324,3.6787,5.2,3169.7602776252784,3.821637039665375,4.361132806093488,150.0,Rep 2
2026-09-08 18:58:27+00:00,1260.0,51.051338,3.67865,5.2,3173.5862880875925,3.819566343601508,4.363497100812626,142.0,Rep 2
2026-09-08 18:58:28+00:00,1261.0,51.051349,3.678608,5.2,3176.766688449773,3.798307670265856,4.38791907173231,142.0,Rep 2
2026-09-08 18:58:29+00:00,1262.0,51.051365,3.678548,5.2,3181.3224291614943,3.823114189321733,4.359447780350902,150.0,Rep 2
2026-09-08 18:58:30+00:00,1263.0,51.051378,3.678504,5.2,3184.7207831988135,3.802149869064267,4.383484933687908,150.0,Rep 2
2026-09-08 18:58:31+00:00,1264.0,51.051397,3.67845,5.2,3189.046404607026,3.83230259141988,4.348995484850692,144.0,Rep 2
2026-09-08 18:58:32+00:00,1265.0,51.051406,3.678397,5.2,3192.883875957365,3.7845712786626806,4.403845360406587,144.0,Rep 2
2026-09-08 18:58:33+00:00,1266.0,51.051411,3.678345,5.2,3196.560933821695,3.788435315610637,4.399353632353166,122.0,Rep 2
2026-09-08 18:58:34+00:00,1267.0,51.051423,3.678294,5.2,3200.367355851539,3.779618730918304,4.4096158510192645,122.0,Rep 2
2026-09-08 18:58:35+00:00,1268.0,51.051439,3.67825,5.2,3203.9204504145973,3.7310886607995695,4.466971487912863,148.0,Rep 2
2026-09-08 18:58:36+00:00,1269.0,51.051447,3.6782,5.2,3207.526862458727,3.814784604509867,4.368966637582423,148.0,Rep 2
2026-09-08 18:58:37+00:00,1270.0,51.051452,3.678144,5.2,3211.4805270712704,3.7290961879701787,4.469358210826593,142.0,Rep 2
2026-09-08 18:58:38+00:00,1271.0,51.051459,3.678088,5.2,3215.4715424034616,3.7746971183203444,4.4153652979932225,142.0,Rep 2
2026-09-08 18:58:39+00:00,1272.0,51.051472,3.678043,5.2,3218.9332791768684,3.729579622864234,4.46877888448646,148.0,Rep 2
2026-09-08 18:58:40+00:00,1273.0,51.051482,3.67799,5.2,3222.8012325813243,3.7033666784005055,4.500409523008682,148.0,Rep 2
2026-09-08 18:58:41+00:00,1274.0,51.051495,3.677942,5.2,3226.454558589053,3.6963076387999214,4.509004199682314,148.0,Rep 2
2026-09-08 18:58:42+00:00,1275.0,51.051507,3.677902,5.2,3229.552617999586,3.6723534933646955,4.538415677243608,148.0,Rep 2
2026-09-08 18:58:43+00:00,1276.0,51.051518,3.677841,5.2,3233.988457517421,3.6728360734727192,4.537819367175866,144.0,Rep 2
2026-09-08 18:58:44+00:00,1277.0,51.051528,3.677797,5.2,3237.258871981047,3.674771158567732,4.535429812495485,144.0,Rep 2
2026-09-08 18:58:45+00:00,1278.0,51.051536,3.67774,5.2,3241.341239973619,3.656821692600603,4.557691916012979,148.0,Rep 2
2026-09-08 18:58:46+00:00,1279.0,51.051543,3.677689,5.2,3244.9900989499897,3.6316712104414473,4.589255387092367,148.0,Rep 2
2026-09-08 18:58:47+00:00,1280.0,51.05155,3.677641,5.3,3248.4343761333726,3.642370900414547,4.575774165330003,144.0,Rep 2
2026-09-08 18:58:48+00:00,1281.0,51.051561,3.677593,5.3,3252.005548403694,3.6280616620879367,4.593821224382129,144.0,Rep 2
2026-09-08 18:58:49+00:00,1282.0,51.051575,3.677549,5.3,3255.4526582520093,3.63664712965958,4.582976041512942,148.0,Rep 2
2026-09-08 18:58:50+00:00,1283.0,51.05159,3.677504,5.3,3259.012991516688,3.655104079857608,4.559833674371306,148.0,Rep 2
2026-09-08 18:58:51+00:00,1284.0,51.051604,3.677457,5.3,3262.648429837243,3.6087826918104904,4.6183625033695686,144.0,Rep 2
2026-09-08 18:58:52+00:00,1285.0,51.051619,3.67741,5.2,3266.3328524602794,3.631472302809117,4.589506755641287,144.0,Rep 2
2026-09-08 18:58:53+00:00,1286.0,51.051635,3.677365,5.2,3269.946610560083,3.6016755757018926,4.62747582794674,152.0,Rep 2
2026-09-08 18:58:54+00:00,1287.0,51.05165,3.677319,5.2,3273.5688426830866,3.610787859217446,4.615797802720755,152.0,Rep 2
2026-09-08 18:58:55+00:00,1288.0,51.051663,3.677271,5.2,3277.2221575126437,3.5946111296089667,4.636570150629818,142.0,Rep 2
2026-09-08 18:58:56+00:00,1289.0,51.051676,3.677221,5.2,3281.0042655339466,3.6410724336712184,4.577405962193949,142.0,Rep 2
2026-09-08 18:58:57+00:00,1290.0,51.051687,3.677176,5.2,3284.3791791974504,3.6606660749153064,4.552905489215448,150.0,Rep 2
2026-09-08 18:58:58+00:00,1291.0,51.051699,3.677126,5.2,3288.1201978945787,3.677070320120505,4.532593944551071,150.0,Rep 2
2026-09-08 18:58:59+00:00,1292.0,51.051711,3.677078,5.2,3291.7309565231844,3.658210554073878,4.555961561071501,144.0,Rep 2
2026-09-08 18:59:00+00:00,1293.0,51.05172,3.677028,5.2,3295.366373609148,3.655042812136876,4.559910108665104,144.0,Rep 2
2026-09-08 18:59:01+00:00,1294.0,51.051727,3.676975,5.2,3299.151916838252,3.639205981326112,4.579753592456286,150.0,Rep 2
2026-09-08 18:59:02+00:00,1295.0,51.051735,3.676931,5.2,3302.3535430775078,3.6336363915833707,4.586773378115608,150.0,Rep 2
2026-09-08 18:59:03+00:00,1296.0,51.051747,3.676873,5.2,3306.6216349087626,3.6237864130099657,4.599240895332766,142.0,Rep 2
2026-09-08 18:59:04+00:00,1297.0,51.051759,3.676823,5.2,3310.3626493757392,3.6097228044317253,4.61715970162714,142.0,Rep 2
2026-09-08 18:59:05+00:00,1298.0,51.051771,3.676772,5.2,3314.169046318496,3.6271887702537646,4.594926738676642,150.0,Rep 2
2026-09-08 18:59:06+00:00,1299.0,51.051783,3.676728,5.2,3317.5215881483514,3.5957090813562393,4.635154371382095,150.0,Rep 2
2026-09-08 18:59:07+00:00,1300.0,51.051794,3.676679,5.2,3321.1584946423327,3.6417654179260674,4.576534936771982,144.0,Rep 2
2026-09-08 18:59:08+00:00,1301.0,51.051801,3.676632,5.2,3324.534700279975,3.6218184356521492,4.601739971999907,144.0,Rep 2
2026-09-08 18:59:09+00:00,1302.0,51.051809,3.676583,5.1,3328.073388556837,3.633967442456258,4.586355527555688,150.0,Rep 2
2026-09-08 18:59:10+00:00,1303.0,51.05182,3.676536,5.1,3331.578953707793,3.66105510007276,4.55242169568424,150.0,Rep 2
2026-09-08 18:59:11+00:00,1304.0,51.051831,3.676488,5.1,3335.1501076004224,3.629132654648141,4.592465542784786,144.0,Rep 2
2026-09-08 18:59:12+00:00,1305.0,51.051842,3.676439,5.1,3338.7870107512567,3.6156578797994734,4.609580668509214,144.0,Rep 2
2026-09-08 18:59:13+00:00,1306.0,51.05185,3.676394,5.1,3342.055834114922,3.5702581822103605,4.6681964765775765,150.0,Rep 2
2026-09-08 18:59:14+00:00,1307.0,51.051861,3.676335,5.0,3346.357437792075,3.6189111774052822,4.605436787375498,150.0,Rep 2
2026-09-08 18:59:15+00:00,1308.0,51.051871,3.67629,5.0,3349.6936501439295,3.6233040559263707,4.599853175282442,144.0,Rep 2
2026-09-08 18:59:16+00:00,1309.0,51.051882,3.676236,5.0,3353.6614284750954,3.641776808897907,4.576520622006601,144.0,Rep 2
2026-09-08 18:59:17+00:00,1310.0,51.051887,3.676185,5.0,3357.269369578599,3.642256667521226,4.575917676336998,150.0,Rep 2
2026-09-08 18:59:18+00:00,1311.0,51.05189,3.676131,5.0,3361.0586247284846,3.612005201841891,4.614242155068807,150.0,Rep 2
2026-09-08 18:59:19+00:00,1312.0,51.051895,3.676081,5.0,3364.5975175727312,3.649629228817232,4.566673933633522,138.0,Rep 2
2026-09-08 18:59:20+00:00,1313.0,51.0519,3.676037,5.0,3367.7229190516514,3.6540121332891884,4.561196312083407,138.0,Rep 2
2026-09-08 18:59:21+00:00,1314.0,51.051908,3.67598,5.0,3371.805255809431,3.6919190181418795,4.514364097578419,150.0,Rep 2
2026-09-08 18:59:22+00:00,1315.0,51.051919,3.67593,5.0,3375.5080554812284,3.6432216171176504,4.574705691347035,150.0,Rep 2
2026-09-08 18:59:23+00:00,1316.0,51.051932,3.675882,5.0,3379.1613524134436,3.645807483292514,4.571460984444266,142.0,Rep 2
2026-09-08 18:59:24+00:00,1317.0,51.051944,3.675835,5.0,3382.7072385696556,3.630788859036896,4.590370664265966,142.0,Rep 2
2026-09-08 18:59:25+00:00,1318.0,51.051955,3.675795,4.9,3385.7590317354216,3.61491729988804,4.6105250228498615,146.0,Rep 2
2026-09-08 18:59:26+00:00,1319.0,51.051967,3.675739,4.9,3389.8945460326813,3.5717387981709185,4.666261338931514,146.0,Rep 2
2026-09-08 18:59:27+00:00,1320.0,51.051976,3.675688,4.9,3393.597192750595,3.5054253509420503,4.754534756299305,140.0,Rep 2
2026-09-08 18:59:28+00:00,1321.0,51.051985,3.675635,4.9,3397.4346193870506,3.4486065705382374,4.832869834747614,140.0,Rep 2
2026-09-08 18:59:29+00:00,1322.0,51.051996,3.675587,4.9,3401.00576204884,3.4276467713893104,4.86242246598568,146.0,Rep 2
2026-09-08 18:59:30+00:00,1323.0,51.052013,3.675547,4.8,3404.380762393318,3.4375265961767036,4.848447335710426,146.0,Rep 2
2026-09-08 18:59:31+00:00,1324.0,51.052039,3.675513,4.8,3408.1232613606494,3.4705978875101633,4.802246531252134,144.0,Rep 2
2026-09-08 18:59:32+00:00,1325.0,51.052068,3.675499,4.8,3411.4931290769196,3.5073312504360445,4.751951120839985,144.0,Rep 2
2026-09-08 18:59:33+00:00,1326.0,51.052096,3.675493,4.8,3414.6347067010483,3.534657730342461,4.7152137316140905,148.0,Rep 2
2026-09-08 18:59:34+00:00,1327.0,51.052118,3.675483,4.8,3417.178897836862,3.614261605943677,4.611361457415873,148.0,Rep 2
2026-09-08 18:59:35+00:00,1328.0,51.052137,3.675471,4.8,3419.4520176097244,3.6941410196251407,4.511648737318073,142.0,Rep 2
2026-09-08 18:59:36+00:00,1329.0,51.052159,3.67543,4.8,3423.21995738027,3.767943533307904,4.423279308550276,142.0,Rep 2
2026-09-08 18:59:37+00:00,1330.0,51.052176,3.675382,4.8,3427.0709544238784,3.845552676460551,4.3340107570719,144.0,Rep 2
2026-09-08 18:59:38+00:00,1331.0,51.052194,3.67533,4.8,3431.2203207260955,3.9183999902612667,4.253436787487177,144.0,Rep 2
2026-09-08 18:59:39+00:00,1332.0,51.052211,3.675278,4.8,3435.317207326196,4.027204772247431,4.138519794553589,140.0,Rep 2
2026-09-08 18:59:40+00:00,1333.0,51.052224,3.675233,4.8,3438.778897690558,4.072002930236189,4.092989850992064,140.0,Rep 2
2026-09-08 18:59:41+00:00,1334.0,51.052248,3.675167,4.8,3444.108470121836,4.092368671930999,4.072621017989182,148.0,Rep 2
2026-09-08 18:59:42+00:00,1335.0,51.052266,3.675103,4.7,3449.0093080449715,4.171410625311953,3.9954509789887376,148.0,Rep 2
2026-09-08 18:59:43+00:00,1336.0,51.052282,3.675037,4.7,3453.953772386669,4.27419265693033,3.899371882463635,140.0,Rep 2
2026-09-08 18:59:44+00:00,1337.0,51.052294,3.674972,4.7,3458.689052195748,4.275480533709538,3.8981972985867293,140.0,Rep 2
2026-09-08 18:59:45+00:00,1338.0,51.052306,3.674911,4.7,3463.1567622472367,4.274321922145508,3.8992539565903326,148.0,Rep 2
2026-09-08 18:59:46+00:00,1339.0,51.052326,3.674841,4.6,3468.5313329443607,4.250948732723097,3.920693406243514,148.0,Rep 2
2026-09-08 18:59:47+00:00,1340.0,51.052339,3.674787,4.6,3472.5731730304624,4.198450956402918,3.9697180792951476,142.0,Rep 2
2026-09-08 18:59:48+00:00,1341.0,51.052353,3.674743,4.6,3476.0202367800134,4.240659093901275,3.9302066725042613,142.0,Rep 2
2026-09-08 18:59:49+00:00,1342.0,51.05237,3.674697,4.6,3479.7500572165413,4.1302358289066685,4.035282089710255,150.0,Rep 2
2026-09-08 18:59:50+00:00,1343.0,51.052394,3.674658,4.6,3483.56490746368,4.055146105997781,4.110003987776362,150.0,Rep 2
2026-09-08 18:59:51+00:00,1344.0,51.05242,3.674623,4.5,3487.3521653859134,3.9734971172908775,4.194457973592281,150.0,Rep 2
2026-09-08 18:59:52+00:00,1345.0,51.052448,3.674591,4.5,3491.1857832560613,3.909444546026347,4.2631802217547925,150.0,Rep 2
2026-09-08 18:59:53+00:00,1346.0,51.052478,3.674565,4.5,3494.9845517169424,3.956426008896999,4.212556137581635,144.0,Rep 2
2026-09-08 18:59:54+00:00,1347.0,51.052502,3.674537,4.5,3498.29397167224,3.7760941930358016,4.413731706535491,144.0,Rep 2
2026-09-08 18:59:55+00:00,1348.0,51.052535,3.674511,4.5,3502.3887840990774,3.751976107229677,4.442103624954245,148.0,Rep 2
2026-09-08 18:59:56+00:00,1349.0,51.052565,3.674489,4.5,3506.062007555436,3.7668450735793386,4.424569192815152,148.0,Rep 2
2026-09-08 18:59:57+00:00,1350.0,51.052596,3.674467,4.5,3509.8364996349383,3.751788729195433,4.442325479836072,142.0,Rep 2
2026-09-08 18:59:58+00:00,1351.0,51.052627,3.674447,4.5,3513.556229146032,3.74544717359398,4.44984694595866,142.0,Rep 2
2026-09-08 18:59:59+00:00,1352.0,51.052658,3.674425,4.5,3517.330720386143,3.739831628549538,4.456528614666723,148.0,Rep 2
2026-09-08 19:00:00+00:00,1353.0,51.052704,3.674414,4.5,3522.5031523806915,3.7458869607020024,4.449324510193771,148.0,Rep 2
2026-09-08 19:00:01+00:00,1354.0,51.052728,3.674415,4.5,3525.1727458398973,3.750955822847618,4.443311906034077,142.0,Rep 2
2026-09-08 19:00:02+00:00,1355.0,51.052761,3.674419,4.5,3528.852814638907,3.789889418867726,4.397665690110301,142.0,Rep 2
2026-09-08 19:00:03+00:00,1356.0,51.052794,3.67442,4.5,3532.522912883703,3.7752544963889823,4.414713414051496,148.0,Rep 2
2026-09-08 19:00:04+00:00,1357.0,51.052825,3.674429,4.5,3536.0268881544725,3.7804476722687244,4.408648951531356,148.0,Rep 2
2026-09-08 19:00:05+00:00,1358.0,51.052856,3.674449,4.4,3539.746615067589,3.78624860326146,4.401894437758277,142.0,Rep 2
2026-09-08 19:00:06+00:00,1359.0,51.052886,3.674472,4.4,3543.449639814156,3.779002060810109,4.410335426780321,142.0,Rep 2
2026-09-08 19:00:07+00:00,1360.0,51.052915,3.674504,4.4,3547.374087666591,3.726557714058957,4.4724026690340395,148.0,Rep 2
2026-09-08 19:00:08+00:00,1361.0,51.052943,3.674537,4.4,3551.2488890596564,3.6511811905938676,4.56473283484346,148.0,Rep 2
2026-09-08 19:00:09+00:00,1362.0,51.052968,3.674576,4.4,3555.1423129552554,3.7210426579453637,4.479031335767982,140.0,Rep 2
2026-09-08 19:00:10+00:00,1363.0,51.05299,3.674619,4.4,3559.017601544912,3.7220631273146703,4.477803330189901,140.0,Rep 2
2026-09-08 19:00:11+00:00,1364.0,51.053011,3.674661,4.4,3562.768722639467,3.724359765796895,4.47504207829947,148.0,Rep 2
2026-09-08 19:00:12+00:00,1365.0,51.053032,3.674705,4.4,3566.6302286838604,3.7242230865604684,4.475206312643124,148.0,Rep 2
2026-09-08 19:00:13+00:00,1366.0,51.05305,3.674748,4.4,3570.241260058184,3.7271843381332794,4.471650756885824,136.0,Rep 2
2026-09-08 19:00:14+00:00,1367.0,51.053061,3.674787,4.4,3573.229086097028,3.7300517805542985,4.468213217187549,136.0,Rep 2
2026-09-08 19:00:15+00:00,1368.0,51.053074,3.674841,4.4,3577.2708702396,3.7135504822754464,4.48806788711118,144.0,Rep 2
2026-09-08 19:00:16+00:00,1369.0,51.053087,3.67489,4.5,3580.988385709078,3.7039740361724136,4.499671570022545,144.0,Rep 2
2026-09-08 19:00:17+00:00,1370.0,51.053093,3.674942,4.5,3584.6837615486274,3.6867670477517476,4.52067257051955,138.0,Rep 2
2026-09-08 19:00:18+00:00,1371.0,51.053093,3.674995,4.5,3588.3883093706568,3.6684773896878244,4.54321095545445,138.0,Rep 2
2026-09-08 19:00:19+00:00,1372.0,51.053091,3.675045,4.5,3591.8902344528797,3.652101533176876,4.563582505924672,146.0,Rep 2
2026-09-08 19:00:20+00:00,1373.0,51.053085,3.675098,4.5,3595.6543801395883,3.629685929535792,4.591765510906945,146.0,Rep 2
2026-09-08 19:00:21+00:00,1374.0,51.05308,3.675151,4.5,3599.4004165224706,3.622919099640548,4.600341936511989,140.0,Rep 2
2026-09-08 19:00:22+00:00,1375.0,51.053075,3.675203,4.5,3603.077344900723,3.661080551472525,4.552390047786072,140.0,Rep 2
2026-09-08 19:00:23+00:00,1376.0,51.053071,3.675256,4.5,3606.8084996022426,3.623705401722307,4.599343715619152,116.0,Rep 2
2026-09-08 19:00:24+00:00,1377.0,51.053062,3.675306,4.5,3610.4438186715315,3.6115066065074046,4.614879185499974,116.0,Rep 2
2026-09-08 19:00:25+00:00,1378.0,51.053052,3.675355,4.5,3614.044762390229,3.6030269589716775,4.625740205791694,116.0,Rep 2
2026-09-08 19:00:26+00:00,1379.0,51.053041,3.675402,4.5,3617.5502456371196,3.6073848565006936,4.620152085140701,116.0,Rep 2
2026-09-08 19:00:27+00:00,1380.0,51.053028,3.675448,4.5,3621.0755176268967,3.627677270865132,4.594307988894498,120.0,Rep 2
2026-09-08 19:00:28+00:00,1381.0,51.053014,3.675493,4.5,3624.5850465527915,3.62123400768797,4.602482643011448,120.0,Rep 2
2026-09-08 19:00:29+00:00,1382.0,51.052999,3.675538,4.5,3628.145294369115,3.6165459921454883,4.6084486974211805,144.0,Rep 2
2026-09-08 19:00:30+00:00,1383.0,51.052987,3.675584,4.5,3631.626451265434,3.5982257835829876,4.6319124115859625,144.0,Rep 2
2026-09-08 19:00:31+00:00,1384.0,51.052977,3.675632,4.5,3635.1609848066887,3.6252428944289377,4.597393099446945,142.0,Rep 2
2026-09-08 19:00:32+00:00,1385.0,51.052968,3.675681,4.5,3638.7291659332022,3.6192764894962903,4.604971937080782,142.0,Rep 2
2026-09-08 19:00:33+00:00,1386.0,51.052959,3.675733,4.5,3642.499082218167,3.633559507947446,4.586870431105576,148.0,Rep 2
2026-09-08 19:00:34+00:00,1387.0,51.052947,3.675784,4.5,3646.305393515857,3.6553921222170085,4.559474362646017,148.0,Rep 2
2026-09-08 19:00:35+00:00,1388.0,51.052937,3.675834,4.5,3649.972890254908,3.6363914821102825,4.583298236358923,142.0,Rep 2
2026-09-08 19:00:36+00:00,1389.0,51.052925,3.675883,4.5,3653.648606404653,3.692793071159956,4.513295585617919,142.0,Rep 2
2026-09-08 19:00:37+00:00,1390.0,51.052915,3.675929,4.5,3657.0507316544677,3.685055499258427,4.522772226909644,148.0,Rep 2
2026-09-08 19:00:38+00:00,1391.0,51.052905,3.675986,4.5,3661.1871430186766,3.7133037253658823,4.488366128742796,148.0,Rep 2
2026-09-08 19:00:39+00:00,1392.0,51.052893,3.676033,4.5,3664.732966013976,3.720918863216847,4.479180352849142,140.0,Rep 2
2026-09-08 19:00:40+00:00,1393.0,51.052888,3.676087,4.6,3668.5481550094405,3.724817994697899,4.4744915564709125,140.0,Rep 2
2026-09-08 19:00:41+00:00,1394.0,51.052882,3.676141,4.6,3672.3811274703744,3.7232273038962873,4.47640321320842,146.0,Rep 2
2026-09-08 19:00:42+00:00,1395.0,51.052875,3.676186,4.6,3675.6213898585506,3.6929562240329177,4.513096190581355,146.0,Rep 2
2026-09-08 19:00:43+00:00,1396.0,51.052867,3.676247,4.6,3679.9769426201906,3.706313131671253,4.496831777176723,142.0,Rep 2
2026-09-08 19:00:44+00:00,1397.0,51.05286,3.676295,4.6,3683.421126857991,3.7036212215008697,4.50010021810832,142.0,Rep 2
2026-09-08 19:00:45+00:00,1398.0,51.052851,3.676349,4.6,3687.3260071459217,3.7236619613900763,4.475880689353674,148.0,Rep 2
2026-09-08 19:00:46+00:00,1399.0,51.052844,3.6764,4.6,3690.974767754941,3.69284063908721,4.51323744931119,148.0,Rep 2
2026-09-08 19:00:47+00:00,1400.0,51.052838,3.676451,4.6,3694.60143585367,3.714576583288616,4.486828119696811,142.0,Rep 2
2026-09-08 19:00:48+00:00,1401.0,51.052833,3.676504,4.6,3698.3474917766102,3.7445955284403607,4.450858988663163,142.0,Rep 2
2026-09-08 19:00:49+00:00,1402.0,51.052827,3.676551,4.6,3701.699736876349,3.750120191914294,4.444301999333777,148.0,Rep 2
2026-09-08 19:00:50+00:00,1403.0,51.052817,3.676604,4.6,3705.5675872299757,3.7908222303323784,4.396583552061036,148.0,Rep 2
2026-09-08 19:00:51+00:00,1404.0,51.052808,3.676654,4.5,3709.202924727165,3.7583088488228467,4.434618690767496,144.0,Rep 2
2026-09-08 19:00:52+00:00,1405.0,51.052797,3.676704,4.5,3712.9056610753178,3.7843607604702894,4.4040903395783735,144.0,Rep 2
2026-09-08 19:00:53+00:00,1406.0,51.052789,3.676755,4.5,3716.5797526049837,3.8052811994253255,4.379877804873834,148.0,Rep 2
2026-09-08 19:00:54+00:00,1407.0,51.052801,3.676807,4.6,3720.4516147633044,3.836715092728184,4.343993823845662,148.0,Rep 2
2026-09-08 19:00:55+00:00,1408.0,51.052808,3.676867,4.6,3724.7170879360456,3.8684386508749395,4.308370423012164,144.0,Rep 2
2026-09-08 19:00:56+00:00,1409.0,51.052807,3.676923,4.6,3728.632930349089,3.853240021497467,4.325364258048367,144.0,Rep 2
2026-09-08 19:00:57+00:00,1410.0,51.052805,3.676978,4.6,3732.4837233135363,3.8964189255827795,4.277431915043341,146.0,Rep 2
2026-09-08 19:00:58+00:00,1411.0,51.052795,3.677031,4.6,3736.351575352533,3.8910536425012006,4.28332996610995,146.0,Rep 2
2026-09-08 19:00:59+00:00,1412.0,51.052784,3.677083,4.6,3740.1865382650453,3.890175854490139,4.284296466297167,142.0,Rep 2
2026-09-08 19:01:00+00:00,1413.0,51.052761,3.677131,4.6,3744.4052251373014,3.8899039991460738,4.284595884712166,142.0,Rep 2
2026-09-08 19:01:01+00:00,1414.0,51.052735,3.677173,4.6,3748.5254941458634,3.870060724017881,4.306564639472479,148.0,Rep 2
2026-09-08 19:01:02+00:00,1415.0,51.052708,3.677213,4.7,3752.628015616794,3.83692695870697,4.343753958840872,148.0,Rep 2
2026-09-08 19:01:03+00:00,1416.0,51.052688,3.677252,4.7,3756.1460920990726,3.8219078913994893,4.360823740460092,140.0,Rep 2
2026-09-08 19:01:04+00:00,1417.0,51.052665,3.677296,4.7,3760.1460207600912,3.812181425070202,4.371950022383771,140.0,Rep 2
2026-09-08 19:01:05+00:00,1418.0,51.052647,3.677342,4.6,3763.933391867494,3.813988251446647,4.369878869014605,148.0,Rep 2
2026-09-08 19:01:06+00:00,1419.0,51.052632,3.677388,4.6,3767.555562544517,3.7761828950020804,4.413628028643853,148.0,Rep 2
2026-09-08 19:01:07+00:00,1420.0,51.052618,3.677436,4.6,3771.2542210625093,3.7881248944435275,4.399714141187256,142.0,Rep 2
2026-09-08 19:01:08+00:00,1421.0,51.052603,3.677478,4.6,3774.6306634652524,3.744759870280335,4.450663659087703,142.0,Rep 2
2026-09-08 19:01:09+00:00,1422.0,51.052592,3.677523,4.6,3778.005519143909,3.7240446497191217,4.475420741242647,148.0,Rep 2
2026-09-08 19:01:10+00:00,1423.0,51.052583,3.677579,4.5,3782.045706307038,3.7026798059493577,4.5012443797833,148.0,Rep 2
2026-09-08 19:01:11+00:00,1424.0,51.052574,3.677631,4.5,3785.815651725142,3.713191069624371,4.488502302778801,144.0,Rep 2
2026-09-08 19:01:12+00:00,1425.0,51.052566,3.677685,4.5,3789.693547085236,3.690079768232077,4.5166141962973585,144.0,Rep 2
2026-09-08 19:01:13+00:00,1426.0,51.052557,3.67773,4.5,3792.9943187775643,3.6800455762128785,4.528929417178108,148.0,Rep 2
2026-09-08 19:01:14+00:00,1427.0,51.052549,3.677786,4.5,3797.0084116816984,3.686374722767562,4.521153686230274,148.0,Rep 2
2026-09-08 19:01:15+00:00,1428.0,51.05254,3.677835,4.5,3800.5766231915063,3.6861590888993763,4.521418165823941,140.0,Rep 2
2026-09-08 19:01:16+00:00,1429.0,51.052525,3.677884,4.5,3804.38616389165,3.7060040270399517,4.497206841941458,140.0,Rep 2
2026-09-08 19:01:17+00:00,1430.0,51.052512,3.677934,4.5,3808.1682127060344,3.761268095674126,4.431129672951305,150.0,Rep 2
2026-09-08 19:01:18+00:00,1431.0,51.0525,3.677983,4.5,3811.843958143438,3.701205588735177,4.503037258290267,150.0,Rep 2
2026-09-08 19:01:19+00:00,1432.0,51.052487,3.678031,4.5,3815.4972172835724,3.683846895747979,4.5242560666416125,150.0,Rep 2
2026-09-08 19:01:20+00:00,1433.0,51.052476,3.67808,4.5,3819.134075510687,3.6521310931157034,4.5635455688004924,150.0,Rep 2
2026-09-08 19:01:21+00:00,1434.0,51.052469,3.678132,4.5,3822.8511833860307,3.681026550533794,4.527722481178462,122.0,Rep 2
2026-09-08 19:01:22+00:00,1435.0,51.052463,3.678184,4.5,3826.5466073959997,3.658401300711192,4.555724016232629,122.0,Rep 2
2026-09-08 19:01:23+00:00,1436.0,51.052455,3.678235,4.5,3830.2207238708515,3.6670988500698836,4.544918844047264,140.0,Rep 2
2026-09-08 19:01:24+00:00,1437.0,51.052445,3.678293,4.5,3834.424540579021,3.6468313714322544,4.570177496340065,140.0,Rep 2
2026-09-08 19:01:25+00:00,1438.0,51.052435,3.678335,4.5,3837.5637901380655,3.6128492397816108,4.613164170579709,148.0,Rep 2
2026-09-08 19:01:26+00:00,1439.0,51.052421,3.67838,4.5,3841.073355161361,3.6242492326110693,4.5986535684962435,148.0,Rep 2
2026-09-08 19:01:27+00:00,1440.0,51.052411,3.678426,4.5,3844.475513481971,3.607509558553692,4.619992378716967,140.0,Rep 2
2026-09-08 19:01:28+00:00,1441.0,51.052401,3.678477,4.5,3848.209717035571,3.614517929036974,4.6110344432866635,140.0,Rep 2
2026-09-08 19:01:29+00:00,1442.0,51.052385,3.678523,4.5,3851.884431192366,3.695832660098801,4.5095836850527515,148.0,Rep 2
2026-09-08 19:01:30+00:00,1443.0,51.052371,3.678571,4.5,3855.5831059425545,3.6185231943458214,4.605930588674799,148.0,Rep 2
2026-09-08 19:01:31+00:00,1444.0,51.05236,3.678618,4.5,3859.088634463134,3.6114640512315153,4.614933564403972,144.0,Rep 2
2026-09-08 19:01:32+00:00,1445.0,51.052347,3.67866,4.5,3862.3609513027586,3.5757125412905943,4.661075652533049,144.0,Rep 2
2026-09-08 19:01:33+00:00,1446.0,51.052334,3.678711,4.5,3866.207696632604,3.6220959904226633,4.601387348854283,146.0,Rep 2
2026-09-08 19:01:34+00:00,1447.0,51.052324,3.678757,4.5,3869.6098606618775,3.6305832208891653,4.5906306652805045,146.0,Rep 2
2026-09-08 19:01:35+00:00,1448.0,51.052316,3.678809,4.5,3873.3518444462416,3.6201047188216173,4.603918383911238,144.0,Rep 2
2026-09-08 19:01:36+00:00,1449.0,51.052304,3.678877,4.5,3878.2886732875127,3.6377673368474364,4.581564768545737,144.0,Rep 2
2026-09-08 19:01:37+00:00,1450.0,51.052298,3.678912,4.5,3880.824455311187,3.6291775459524582,4.592408736038454,120.0,Rep 2
2026-09-08 19:01:38+00:00,1451.0,51.052289,3.678961,4.5,3884.392684639324,3.6207564718494565,4.603089657160359,120.0,Rep 2
2026-09-08 19:01:39+00:00,1452.0,51.052279,3.679011,4.5,3888.06022869838,3.616006138808229,4.609136717937018,148.0,Rep 2
2026-09-08 19:01:40+00:00,1453.0,51.052268,3.679063,4.5,3891.8952299944053,3.6048373817660515,4.623417064794605,148.0,Rep 2
2026-09-08 19:01:41+00:00,1454.0,51.052257,3.679112,4.5,3895.5321034746985,3.620541904038069,4.603362454686126,140.0,Rep 2
2026-09-08 19:01:42+00:00,1455.0,51.052246,3.679155,4.5,3898.7770842642954,3.632434464101112,4.588291084500274,140.0,Rep 2
2026-09-08 19:01:43+00:00,1456.0,51.052231,3.679207,4.5,3902.776227088282,3.6448692537156973,4.5726377289599975,148.0,Rep 2
2026-09-08 19:01:44+00:00,1457.0,51.052219,3.679254,4.5,3906.3220943816527,3.55752859893285,4.6849002624086165,148.0,Rep 2
2026-09-08 19:01:45+00:00,1458.0,51.052205,3.6793,4.5,3909.894453020296,3.6196971421113733,4.604436783610295,140.0,Rep 2
2026-09-08 19:01:46+00:00,1459.0,51.052196,3.679347,4.5,3913.3287265452573,3.6222392045797034,4.601205421661416,140.0,Rep 2
2026-09-08 19:01:47+00:00,1460.0,51.052189,3.67939,4.5,3916.433512029249,3.6317314866682993,4.589179218741317,148.0,Rep 2
2026-09-08 19:01:48+00:00,1461.0,51.052181,3.679447,4.5,3920.515825193175,3.6363938729171377,4.583295222994248,148.0,Rep 2
2026-09-08 19:01:49+00:00,1462.0,51.052174,3.679497,4.5,3924.096377623394,3.6764920317839445,4.5333068921625,140.0,Rep 2
2026-09-08 19:01:50+00:00,1463.0,51.052171,3.679553,4.5,3928.0248832519765,3.6965516315753026,4.508706580560892,140.0,Rep 2
2026-09-08 19:01:51+00:00,1464.0,51.052165,3.679604,4.5,3931.6516022715045,3.6767945381772518,4.532933916652592,148.0,Rep 2
2026-09-08 19:01:52+00:00,1465.0,51.052155,3.679651,4.5,3935.1199124428567,3.7011785376501547,4.503070169981096,148.0,Rep 2
2026-09-08 19:01:53+00:00,1466.0,51.052147,3.679701,4.5,3938.7262727080188,3.7194722487434264,4.480922440622396,148.0,Rep 2
2026-09-08 19:01:54+00:00,1467.0,51.052139,3.679754,4.5,3942.5362009984033,3.7394692643230423,4.456960463795613,148.0,Rep 2
2026-09-08 19:01:55+00:00,1468.0,51.05213,3.679808,4.5,3946.4411380881616,3.7883115856623784,4.399497319530155,140.0,Rep 2
2026-09-08 19:01:56+00:00,1469.0,51.052117,3.679865,4.5,3950.679483951457,3.7946666616419047,4.392129310102619,140.0,Rep 2
2026-09-08 19:01:57+00:00,1470.0,51.052105,3.679912,4.5,3954.225358737924,3.8178641085958223,4.365442612046379,148.0,Rep 2
2026-09-08 19:01:58+00:00,1471.0,51.052094,3.679962,4.5,3957.9281451609404,3.800467720595574,4.3854251350028095,148.0,Rep 2
2026-09-08 19:01:59+00:00,1472.0,51.052081,3.680014,4.5,3961.8397724464044,3.9009921152726688,4.272417419511168,142.0,Rep 2
2026-09-08 19:02:00+00:00,1473.0,51.052068,3.680065,4.5,3965.686536751447,3.8477021615223053,4.331589599978982,142.0,Rep 2
2026-09-08 19:02:01+00:00,1474.0,51.052058,3.680116,4.5,3969.4207655101022,3.858092722283724,4.319923824122389,148.0,Rep 2
2026-09-08 19:02:02+00:00,1475.0,51.052067,3.680169,4.5,3973.2581858141843,3.8622667798492127,4.315255164045751,148.0,Rep 2
2026-09-08 19:02:03+00:00,1476.0,51.052073,3.680228,4.5,3977.435825117803,3.8426535450304526,4.337280598252473,144.0,Rep 2
2026-09-08 19:02:04+00:00,1477.0,51.05207,3.680284,4.5,3981.364339252331,3.8284477091058116,4.353374509210524,144.0,Rep 2
2026-09-08 19:02:05+00:00,1478.0,51.05206,3.680334,4.5,3985.03189906091,3.844550167376418,4.335140898431887,148.0,Rep 2
2026-09-08 19:02:06+00:00,1479.0,51.052046,3.680404,4.5,3990.1664840005947,3.855867311195214,4.322417065098761,148.0,Rep 2
2026-09-08 19:02:07+00:00,1480.0,51.052038,3.68044,4.5,3992.8354448656914,3.851826271336978,4.326951812622023,140.0,Rep 2
2026-09-08 19:02:08+00:00,1481.0,51.052024,3.680489,4.5,3996.597663542275,3.8245372523374486,4.3578256837426474,140.0,Rep 2
2026-09-08 19:02:09+00:00,1482.0,51.052009,3.680539,4.5,4000.4702026961418,3.8625311629434314,4.31495979283333,150.0,Rep 2
2026-09-08 19:02:10+00:00,1483.0,51.051997,3.680587,4.5,4004.0809412636186,3.869031211835019,4.307710575113695,150.0,Rep 2
2026-09-08 19:02:11+00:00,1484.0,51.051977,3.680635,4.5,4008.1061995880445,3.8573232981556873,4.320785523639033,142.0,Rep 2
2026-09-08 19:02:12+00:00,1485.0,51.051959,3.680681,4.5,4011.893611248571,3.8532838883335954,4.325315016920384,142.0,Rep 2
2026-09-08 19:02:13+00:00,1486.0,51.051944,3.680731,4.5,4015.766154828869,3.8577294598915466,4.320330608962719,148.0,Rep 2
2026-09-08 19:02:14+00:00,1487.0,51.051927,3.680779,4.5,4019.6171665164593,3.775513447874433,4.414410621699624,148.0,Rep 2
2026-09-08 19:02:15+00:00,1488.0,51.051912,3.680822,4.5,4023.0545955365087,3.9071578121602433,4.265675324092366,140.0,Rep 2
2026-09-08 19:02:16+00:00,1489.0,51.051899,3.68088,4.5,4027.358732954254,3.87426486535867,4.3018913899485565,140.0,Rep 2
2026-09-08 19:02:17+00:00,1490.0,51.051889,3.680934,4.5,4031.2936539917096,3.8694977118633807,4.307191244891764,150.0,Rep 2
2026-09-08 19:02:18+00:00,1491.0,51.051879,3.680989,4.5,4035.2956745901383,3.880115376174706,4.295404917339818,150.0,Rep 2
2026-09-08 19:02:19+00:00,1492.0,51.051869,3.681042,4.5,4039.163597577335,3.874273249115234,4.301882080845181,140.0,Rep 2
2026-09-08 19:02:20+00:00,1493.0,51.051859,3.681093,4.4,4042.8978409592833,3.8755388240248085,4.300477281597212,140.0,Rep 2
2026-09-08 19:02:21+00:00,1494.0,51.051848,3.681146,4.4,4046.799185718711,3.8774592925669684,4.298347296286622,150.0,Rep 2
2026-09-08 19:02:22+00:00,1495.0,51.051833,3.681208,4.4,4051.442812048095,3.8656697238843583,4.311456450531792,150.0,Rep 2
2026-09-08 19:02:23+00:00,1496.0,51.051825,3.681253,4.4,4054.711636522655,3.8789683661033183,4.296675067605524,142.0,Rep 2
2026-09-08 19:02:24+00:00,1497.0,51.051815,3.681305,4.4,4058.5126683740928,3.8370790589695214,4.34358177419014,142.0,Rep 2
2026-09-08 19:02:25+00:00,1498.0,51.051806,3.681357,4.4,4062.2826719062396,3.9142854689614706,4.257907809439517,148.0,Rep 2
2026-09-08 19:02:26+00:00,1499.0,51.051794,3.68141,4.4,4066.2202983247735,3.836485013750757,4.344254338784038,148.0,Rep 2
2026-09-08 19:02:27+00:00,1500.0,51.051782,3.681461,4.4,4070.0266936089433,3.823676838653504,4.3588062929857285,142.0,Rep 2
2026-09-08 19:02:28+00:00,1501.0,51.051771,3.681514,4.4,4073.928044217374,3.8281300137042353,4.353735794500722,142.0,Rep 2
2026-09-08 19:02:29+00:00,1502.0,51.051763,3.681565,4.4,4077.6022123747252,3.815462278909869,4.368190653801606,146.0,Rep 2
2026-09-08 19:02:30+00:00,1503.0,51.051752,3.681614,4.4,4081.2391210280593,3.714982730583702,4.48633758899008,146.0,Rep 2
2026-09-08 19:02:31+00:00,1504.0,51.05174,3.681663,4.4,4084.9149188387973,3.7283872604625397,4.470208028926431,140.0,Rep 2
2026-09-08 19:02:32+00:00,1505.0,51.051722,3.68173,4.4,4090.0079360261325,3.717445936798566,4.483364909677708,140.0,Rep 2
2026-09-08 19:02:33+00:00,1506.0,51.051715,3.681769,4.4,4092.8429497964003,3.7195150968306754,4.480870821271299,146.0,Rep 2
2026-09-08 19:02:34+00:00,1507.0,51.051703,3.681818,4.4,4096.518750157138,3.5748274118679553,4.662229737675037,146.0,Rep 2
2026-09-08 19:02:35+00:00,1508.0,51.051693,3.68187,4.4,4100.319791164848,3.4001861045700523,4.901692482145514,140.0,Rep 2
2026-09-08 19:02:36+00:00,1509.0,51.051695,3.681923,4.4,4104.03111990236,3.2710898846415737,5.0951417583845755,140.0,Rep 2
2026-09-08 19:02:37+00:00,1510.0,51.05171,3.681961,4.4,4107.167553006851,3.2357203765574574,5.1508365146183115,140.0,Rep 2
2026-09-08 19:02:38+00:00,1511.0,51.051715,3.68201,4.4,4110.637445429594,3.133962030182997,5.318081874046659,140.0,Rep 2
2026-09-08 19:02:39+00:00,1512.0,51.051704,3.682059,4.4,4114.274357426072,2.999674675099097,5.556158074413876,124.0,Rep 2
2026-09-08 19:02:40+00:00,1513.0,51.051694,3.682111,4.4,4118.0753983587,2.767632939160606,6.021993173603972,124.0,easy
2026-09-08 19:02:41+00:00,1514.0,51.051689,3.682135,4.4,4119.842709502793,2.6837716468566106,6.210165714429406,124.0,easy
2026-09-08 19:02:42+00:00,1515.0,51.051684,3.68215,4.4,4121.029485177494,2.537350940071671,6.568530353233634,124.0,easy
2026-09-08 19:02:43+00:00,1516.0,51.051673,3.682172,4.4,4122.994392486998,2.3944156034333797,6.960640685254533,100.0,easy
2026-09-08 19:02:44+00:00,1517.0,51.051648,3.682193,4.4,4126.138018023087,2.2497199837648267,7.40832938629793,100.0,easy
2026-09-08 19:02:45+00:00,1518.0,51.051635,3.682215,4.4,4128.248551480804,2.1597043697452,7.717105590999469,102.0,easy
2026-09-08 19:02:46+00:00,1519.0,51.051628,3.682236,4.4,4129.910038965284,2.0330215606275432,8.197978314367743,102.0,easy
2026-09-08 19:02:47+00:00,1520.0,51.051622,3.682257,4.4,4131.522430113541,1.8883632954348128,8.825985289461482,102.0,easy
2026-09-08 19:02:48+00:00,1521.0,51.051612,3.682273,4.4,4133.099524499249,1.717242263522081,9.7054836237743,102.0,easy
2026-09-08 19:02:49+00:00,1522.0,51.051605,3.682291,4.4,4134.579014258213,1.6883876921677714,9.87135048661,96.0,easy
2026-09-08 19:02:50+00:00,1523.0,51.051597,3.682311,4.4,4136.236025216348,1.6882280311193358,9.8722840513531,96.0,easy
2026-09-08 19:02:51+00:00,1524.0,51.051589,3.682329,4.5,4137.776919658832,1.63699980925835,10.18122700589536,102.0,easy
2026-09-08 19:02:52+00:00,1525.0,51.051582,3.682352,4.5,4139.563118553029,1.5025790769248282,11.092039628807154,102.0,easy
2026-09-08 19:02:53+00:00,1526.0,51.051577,3.682373,4.5,4141.1327688390065,1.437031156142527,11.597985607636778,102.0,easy
2026-09-08 19:02:54+00:00,1527.0,51.051573,3.682393,4.5,4142.599806857594,1.409529496848461,11.824276614239952,102.0,easy
2026-09-08 19:02:55+00:00,1528.0,51.05157,3.68241,4.5,4143.834032311531,1.3888141838243457,12.000645486476852,96.0,easy
2026-09-08 19:02:56+00:00,1529.0,51.051566,3.682428,4.5,4145.168524885309,1.3688541370520368,12.175633776846366,96.0,easy
2026-09-08 19:02:57+00:00,1530.0,51.05156,3.682442,4.5,4146.352905644284,1.3751251044415171,12.120109372474543,102.0,easy
2026-09-08 19:02:58+00:00,1531.0,51.051553,3.682455,4.5,4147.549389625872,1.327914027176958,12.551013337888072,102.0,easy
2026-09-08 19:02:59+00:00,1532.0,51.051547,3.682468,4.5,4148.676704176959,1.3097747206322492,12.724834587295593,102.0,easy
2026-09-08 19:03:00+00:00,1533.0,51.051541,3.682481,4.5,4149.8040188229415,1.2942805646330349,12.877166761282657,102.0,easy
2026-09-08 19:03:01+00:00,1534.0,51.051536,3.682497,4.5,4151.05298141801,1.2945408605085327,12.874577524049355,100.0,easy
2026-09-08 19:03:02+00:00,1535.0,51.051533,3.682515,4.5,4152.354642870906,1.2813253299566427,13.007365324800556,100.0,easy
2026-09-08 19:03:03+00:00,1536.0,51.051531,3.682533,4.5,4153.63233655503,1.2836306434580655,12.984004979631155,96.0,easy
2026-09-08 19:03:04+00:00,1537.0,51.051528,3.682555,4.5,4155.2058908248355,1.2859541088437365,12.960545444076905,96.0,easy
2026-09-08 19:03:05+00:00,1538.0,51.051523,3.682566,4.5,4156.154735624002,1.334764841585789,12.486594003229486,96.0,easy
2026-09-08 19:03:06+00:00,1539.0,51.051519,3.682583,4.5,4157.423540468315,1.3219022390662483,12.608093226651537,96.0,easy
2026-09-08 19:03:07+00:00,1540.0,51.051517,3.682605,4.5,4158.977327022524,1.3411191975490797,12.427431280623908,104.0,easy
2026-09-08 19:03:08+00:00,1541.0,51.051514,3.682627,4.5,4160.550881746634,1.352742388037769,12.3206508600966,104.0,easy
2026-09-08 19:03:09+00:00,1542.0,51.05151,3.682644,4.5,4161.819686806943,1.3828855166464322,12.052094310080117,102.0,easy
2026-09-08 19:03:10+00:00,1543.0,51.051506,3.682661,4.5,4163.088491963401,1.394740928042412,11.949650527613871,102.0,easy
2026-09-08 19:03:11+00:00,1544.0,51.051503,3.68268,4.5,4164.457836517964,1.4073640677750099,11.842469939577217,102.0,easy
2026-09-08 19:03:12+00:00,1545.0,51.0515,3.682707,4.5,4166.374378268069,1.4014365659633106,11.892558729699221,102.0,easy
2026-09-08 19:03:13+00:00,1546.0,51.051498,3.682721,4.5,4167.377923211865,1.4471941666132475,11.516538036959014,98.0,easy
2026-09-08 19:03:14+00:00,1547.0,51.051496,3.682741,4.5,4168.793492140194,1.4604099167592748,11.412320934967946,98.0,easy
2026-09-08 19:03:15+00:00,1548.0,51.051493,3.682759,4.5,4170.095154643507,1.4481138576063455,11.509223932305828,98.0,easy
2026-09-08 19:03:16+00:00,1549.0,51.051488,3.682782,4.5,4171.796264167706,1.4344999260226265,11.618450697922016,98.0,easy
2026-09-08 19:03:17+00:00,1550.0,51.051481,3.6828,4.5,4173.275756791541,1.4548166935870812,11.456197017902205,80.0,easy
2026-09-08 19:03:18+00:00,1551.0,51.051477,3.68282,4.5,4174.742797571654,1.4525115711385113,11.474377896764677,80.0,easy
2026-09-08 19:03:19+00:00,1552.0,51.051475,3.682841,4.5,4176.227439314284,1.4572065980644122,11.437408181382636,96.0,easy
2026-09-08 19:03:20+00:00,1553.0,51.05147,3.682863,4.5,4177.8626481231995,1.421140959720686,11.727666107056942,96.0,easy
2026-09-08 19:03:21+00:00,1554.0,51.051466,3.682883,4.5,4179.329689219703,1.445527715387844,11.529814675462584,96.0,easy
2026-09-08 19:03:22+00:00,1555.0,51.051463,3.682902,4.5,4180.699034886618,1.4409287051628097,11.566614369573205,96.0,easy
2026-09-08 19:03:23+00:00,1556.0,51.05146,3.682921,4.5,4182.0683806369725,1.4332699166195446,11.6284214671693,102.0,easy
2026-09-08 19:03:24+00:00,1557.0,51.051457,3.682943,4.5,4183.6419372107475,1.3948961124747778,11.948321109804533,102.0,easy
2026-09-08 19:03:25+00:00,1558.0,51.051454,3.68296,4.5,4184.876165530478,1.3814430353169729,12.064678919491234,92.0,easy
2026-09-08 19:03:26+00:00,1559.0,51.051449,3.682979,4.5,4186.315935488929,1.3688200810720097,12.175936704270107,92.0,easy
2026-09-08 19:03:27+00:00,1560.0,51.051444,3.682997,4.5,4187.691492663879,1.341298635172993,12.425768750981467,92.0,easy
2026-09-08 19:03:28+00:00,1561.0,51.051441,3.683016,4.5,4189.0608389426825,1.3068443340650833,12.75336796604012,92.0,easy
2026-09-08 19:03:29+00:00,1562.0,51.051439,3.683035,4.5,4190.407422717636,1.2800606885397028,13.020216006852028,104.0,easy
2026-09-08 19:03:30+00:00,1563.0,51.051434,3.68305,4.5,4191.5942033928,1.2621231005487705,13.20526235469425,104.0,easy
2026-09-08 19:03:31+00:00,1564.0,51.051429,3.683064,4.5,4192.719705854827,1.235366111332192,13.491277212302428,104.0,easy
2026-09-08 19:03:32+00:00,1565.0,51.051427,3.683082,4.5,4193.997402321295,1.1993883067474345,13.895972282624822,104.0,easy
2026-09-08 19:03:33+00:00,1566.0,51.051429,3.6831,4.5,4195.275098787733,1.2038840642938704,13.844079476575164,68.0,easy
2026-09-08 19:03:34+00:00,1567.0,51.051427,3.683115,4.5,4196.3469188418785,1.2081988074972827,13.79463922927614,68.0,easy
2026-09-08 19:03:35+00:00,1568.0,51.051427,3.683131,4.5,4197.465313134176,1.2272612575233979,13.580373831974333,98.0,easy
2026-09-08 19:03:36+00:00,1569.0,51.051422,3.683144,4.5,4198.530599547799,1.238698096067536,13.454986908898883,98.0,easy
2026-09-08 19:03:37+00:00,1570.0,51.051419,3.683159,4.5,4199.63088139485,1.2638298644797854,13.187429048075991,98.0,easy
2026-09-08 19:03:38+00:00,1571.0,51.051416,3.683172,4.5,4200.598872306956,1.240587251552454,13.434497771769156,98.0,easy
2026-09-08 19:03:39+00:00,1572.0,51.051413,3.683186,4.5,4201.63276181196,1.2501409727929171,13.33182979310883,92.0,easy
2026-09-08 19:03:40+00:00,1573.0,51.05141,3.683204,4.5,4202.934426494887,1.2672145394278216,13.152205998356106,92.0,easy
2026-09-08 19:03:41+00:00,1574.0,51.051405,3.683224,4.5,4204.43891760139,1.282389534166691,12.996571028238176,92.0,easy
2026-09-08 19:03:42+00:00,1575.0,51.051398,3.683245,4.5,4206.1004115267315,1.3269769049177105,12.559876969147561,92.0,easy
2026-09-08 19:03:43+00:00,1576.0,51.05139,3.683263,4.5,4207.641310383697,1.3413838105119937,12.424979738129652,104.0,easy
2026-09-08 19:03:44+00:00,1577.0,51.051383,3.683285,4.5,4209.364870684834,1.3509598341660938,12.336907615728258,104.0,easy
2026-09-08 19:03:45+00:00,1578.0,51.05138,3.683296,4.5,4210.203012166088,1.3567265320496398,12.284470210432112,100.0,easy
2026-09-08 19:03:46+00:00,1579.0,51.051376,3.683313,4.5,4211.471820446723,1.3755538724469263,12.116331465098417,100.0,easy
2026-09-08 19:03:47+00:00,1580.0,51.051372,3.683334,4.5,4213.005620412715,1.4299193343448235,11.655669146052343,102.0,easy
2026-09-08 19:03:48+00:00,1581.0,51.051369,3.683355,4.5,4214.510941800236,1.427728974807905,11.673550765409868,102.0,easy
2026-09-08 19:03:49+00:00,1582.0,51.051363,3.683378,4.5,4216.2515724156465,1.4191335698682814,11.744255100817327,102.0,easy
2026-09-08 19:03:50+00:00,1583.0,51.051359,3.683396,4.5,4217.586070291858,1.395185802674021,11.94584021334165,102.0,easy
2026-09-08 19:03:51+00:00,1584.0,51.051357,3.683413,4.5,4218.794997060293,1.3792370153003948,12.08397576469966,96.0,easy
2026-09-08 19:03:52+00:00,1585.0,51.051352,3.683428,4.5,4219.981779375597,1.3601493012934223,12.253556760877386,96.0,easy
2026-09-08 19:03:53+00:00,1586.0,51.051345,3.683442,4.5,4221.232180393662,1.4109949618049786,11.811995873710467,104.0,easy
2026-09-08 19:03:54+00:00,1587.0,51.051338,3.683466,4.5,4223.081551827135,1.424210783927928,11.70238763443465,104.0,easy
2026-09-08 19:03:55+00:00,1588.0,51.051334,3.683483,4.5,4224.350361117007,1.4293932287213484,11.659959157338173,104.0,easy
2026-09-08 19:03:56+00:00,1589.0,51.051329,3.683501,4.5,4225.725921149416,1.4096336664837883,11.823402819429145,104.0,easy
2026-09-08 19:03:57+00:00,1590.0,51.051323,3.683517,4.5,4227.0281985668435,1.3824411791027715,12.055968035821694,102.0,easy
2026-09-08 19:03:58+00:00,1591.0,51.05132,3.683535,4.5,4228.329865613204,1.4062927869363409,11.851491255228291,102.0,easy
2026-09-08 19:03:59+00:00,1592.0,51.051317,3.683555,4.5,4229.767110204237,1.4238377900786057,11.705453235474634,102.0,easy
2026-09-08 19:04:00+00:00,1593.0,51.051313,3.683577,4.5,4231.367936593164,1.4607611404591352,11.409576969872111,102.0,easy
2026-09-08 19:04:01+00:00,1594.0,51.051309,3.683597,4.5,4232.8349822056425,1.4809873182880333,11.25375380386965,102.0,easy
2026-09-08 19:04:02+00:00,1595.0,51.05131,3.68362,4.5,4234.446518843536,1.4733996816950763,11.31170779641574,102.0,easy
2026-09-08 19:04:03+00:00,1596.0,51.051312,3.683637,4.5,4235.655446797494,1.4831840590459024,11.237085893026615,102.0,easy
2026-09-08 19:04:04+00:00,1597.0,51.051311,3.683656,4.5,4236.988190102189,1.5207466150217337,10.959529024780027,102.0,easy
2026-09-08 19:04:05+00:00,1598.0,51.051309,3.68368,4.5,4238.680462095904,1.5406499372169962,10.817945247687511,100.0,easy
2026-09-08 19:04:06+00:00,1599.0,51.051308,3.683701,4.5,4240.1525639114725,1.5529558876458431,10.732221564858484,100.0,easy
2026-09-08 19:04:07+00:00,1600.0,51.051302,3.683724,4.5,4241.893196482484,1.5459891942863615,10.780584190538347,100.0,easy
2026-09-08 19:04:08+00:00,1601.0,51.0513,3.683746,4.5,4243.446990167982,1.5370705372533904,10.843137164315523,100.0,easy
2026-09-08 19:04:09+00:00,1602.0,51.051296,3.68377,4.5,4245.18254705256,1.5458332671717223,10.781671620484808,102.0,easy
2026-09-08 19:04:10+00:00,1603.0,51.051294,3.68379,4.5,4246.598122002695,1.541124272551143,10.814615643602211,102.0,easy
2026-09-08 19:04:11+00:00,1604.0,51.05129,3.683817,4.5,4248.537120374741,1.5632558686651685,10.66150909825017,102.0,easy
2026-09-08 19:04:12+00:00,1605.0,51.051286,3.683839,4.6,4250.137947625098,1.5691082937697065,10.621744039492524,102.0,easy
2026-09-08 19:04:13+00:00,1606.0,51.05128,3.683858,4.6,4251.624203927891,1.5479943088198314,10.766620117210312,98.0,easy
2026-09-08 19:04:14+00:00,1607.0,51.051281,3.683877,4.6,4252.956948118532,1.5388209211902548,10.83080327097142,98.0,easy
2026-09-08 19:04:15+00:00,1608.0,51.051277,3.683897,4.6,4254.423994651965,1.550312655919804,10.750519647134208,100.0,easy
2026-09-08 19:04:16+00:00,1609.0,51.051269,3.683916,4.6,4256.022481213218,1.5111457121686458,11.029159221679773,100.0,easy
2026-09-08 19:04:17+00:00,1610.0,51.051261,3.683934,4.6,4257.563382931803,1.4973303571925427,11.130921500794422,100.0,easy
2026-09-08 19:04:18+00:00,1611.0,51.051253,3.683952,4.6,4259.104284827471,1.5055842131365949,11.06989999047936,100.0,easy
2026-09-08 19:04:19+00:00,1612.0,51.051246,3.683969,4.6,4260.524814508734,1.4853321334942537,11.22083491687359,98.0,easy
2026-09-08 19:04:20+00:00,1613.0,51.051241,3.683987,4.6,4261.900376728201,1.4868108586241662,11.209675104262633,98.0,easy
2026-09-08 19:04:21+00:00,1614.0,51.051237,3.684005,4.6,4263.234877729326,1.5109111592180382,11.030871381804069,98.0,easy
2026-09-08 19:04:22+00:00,1615.0,51.05123,3.68403,4.6,4265.1478863212815,1.543448077672501,10.798333230489863,98.0,easy
2026-09-08 19:04:23+00:00,1616.0,51.051224,3.68404,4.6,4266.114175850513,1.5623805500434993,10.667482174046931,98.0,easy
2026-09-08 19:04:24+00:00,1617.0,51.051214,3.684055,4.6,4267.642502410449,1.5586024057587644,10.69334078087281,98.0,easy
2026-09-08 19:04:25+00:00,1618.0,51.051207,3.684074,4.6,4269.181885199745,1.5540159625732202,10.724900559624327,100.0,easy
2026-09-08 19:04:26+00:00,1619.0,51.051202,3.684096,4.6,4270.817102377156,1.533571472515159,10.867877347334995,100.0,easy
2026-09-08 19:04:27+00:00,1620.0,51.0512,3.684119,4.6,4272.440110504461,1.4941035327996892,11.154961018957128,94.0,easy
2026-09-08 19:04:28+00:00,1621.0,51.051203,3.684145,4.6,4274.287871316162,1.4679640191126364,11.353593446208192,94.0,easy
2026-09-08 19:04:29+00:00,1622.0,51.051204,3.684171,4.6,4276.108669283619,1.4554348375280783,11.451331407576763,94.0,easy
2026-09-08 19:04:30+00:00,1623.0,51.051205,3.684196,4.6,4277.859702902617,1.422843800634958,11.713630589126511,94.0,easy
2026-09-08 19:04:31+00:00,1624.0,51.051206,3.684218,4.6,4279.401517299599,1.445886639078438,11.526952539854348,102.0,easy
2026-09-08 19:04:32+00:00,1625.0,51.051205,3.684239,4.6,4280.8736223704,1.4287737892742796,11.66501428832356,102.0,easy
2026-09-08 19:04:33+00:00,1626.0,51.051202,3.684256,4.6,4282.107856915197,1.4447519829298503,11.536005393028011,98.0,easy
2026-09-08 19:04:34+00:00,1627.0,51.051198,3.684266,4.6,4282.936367500728,1.4858051816238294,11.217262446515194,98.0,easy
2026-09-08 19:04:35+00:00,1628.0,51.05119,3.684272,4.6,4283.919837014889,1.4492670828884835,11.500065697655202,98.0,easy
2026-09-08 19:04:36+00:00,1629.0,51.05118,3.684276,4.6,4285.066400292246,1.42880999487467,11.664718700493557,98.0,easy
2026-09-08 19:04:37+00:00,1630.0,51.051174,3.684294,4.6,4286.490543330804,1.4218505742637422,11.721813085244168,100.0,easy
2026-09-08 19:04:38+00:00,1631.0,51.051169,3.684311,4.6,4287.802475436687,1.3929405062446787,11.96509584720129,100.0,easy
2026-09-08 19:04:39+00:00,1632.0,51.051161,3.684324,4.6,4289.074109249561,1.3665904387678718,12.195802190518368,98.0,easy
2026-09-08 19:04:40+00:00,1633.0,51.051158,3.684349,4.6,4290.853164943691,1.3733546359704496,12.135734085092704,98.0,easy
2026-09-08 19:04:41+00:00,1634.0,51.051148,3.684377,4.6,4293.104180101512,1.3985085844518572,11.917457534376977,98.0,easy
2026-09-08 19:04:42+00:00,1635.0,51.051144,3.684391,4.6,4294.179116747787,1.483074809987086,11.237913660479334,98.0,easy
2026-09-08 19:04:43+00:00,1636.0,51.051136,3.684409,4.6,4295.720021239281,1.5488300298478752,10.760810641244897,94.0,easy
2026-09-08 19:04:44+00:00,1637.0,51.051128,3.68443,4.6,4297.4364278975745,1.603083126115242,10.396632835288504,94.0,easy
2026-09-08 19:04:45+00:00,1638.0,51.051117,3.684437,4.6,4298.753810496286,1.6437828271921653,10.139214494128707,104.0,easy
2026-09-08 19:04:46+00:00,1639.0,51.051107,3.684441,4.6,4299.900373881116,1.7039006760688837,9.781477817779141,104.0,easy
2026-09-08 19:04:47+00:00,1640.0,51.051104,3.684463,4.6,4301.473941909956,1.8442087224712425,9.037299554864543,104.0,easy
2026-09-08 19:04:48+00:00,1641.0,51.051103,3.684486,4.6,4303.085485681974,1.9590233687947434,8.507640558121855,104.0,easy
2026-09-08 19:04:49+00:00,1642.0,51.051103,3.684516,4.6,4305.182489650534,2.033458689933831,8.19621600830701,102.0,easy
2026-09-08 19:04:50+00:00,1643.0,51.051105,3.684544,4.6,4307.152287462607,2.153429851429833,7.739591171544475,102.0,easy
2026-09-08 19:04:51+00:00,1644.0,51.051106,3.684572,4.6,4309.112647183974,2.327218281125895,7.161625878344093,110.0,easy
2026-09-08 19:04:52+00:00,1645.0,51.051101,3.6846,4.6,4311.147285738687,2.4731260399206496,6.739109288259897,110.0,easy
2026-09-08 19:04:53+00:00,1646.0,51.051093,3.684629,4.6,4313.360985577721,2.6456354499680885,6.299683755321505,142.0,easy
2026-09-08 19:04:54+00:00,1647.0,51.051086,3.684676,4.6,4316.737240086631,2.825031250134306,5.89963975296709,142.0,easy
2026-09-08 19:04:55+00:00,1648.0,51.051077,3.684724,4.6,4320.238515475613,2.9695311480543456,5.612558291428183,150.0,Rep 3
2026-09-08 19:04:56+00:00,1649.0,51.051068,3.68477,4.6,4323.60606045052,3.120227842411782,5.341490272000187,150.0,Rep 3
2026-09-08 19:04:57+00:00,1650.0,51.051062,3.68481,4.6,4326.4805645192355,3.2412080637565954,5.142115636769649,140.0,Rep 3
2026-09-08 19:04:58+00:00,1651.0,51.051048,3.684865,4.6,4330.62829545617,3.3680622086460574,4.948443833336016,140.0,Rep 3
2026-09-08 19:04:59+00:00,1652.0,51.051039,3.684919,4.6,4334.533318496385,3.4624737799618805,4.8135141883587504,150.0,Rep 3
2026-09-08 19:05:00+00:00,1653.0,51.05103,3.684973,4.6,4338.438342245808,3.5916736652688286,4.6403621876430154,150.0,Rep 3
2026-09-08 19:05:01+00:00,1654.0,51.051021,3.685026,4.6,4342.275842633131,3.69504798512333,4.510541333635856,142.0,Rep 3
2026-09-08 19:05:02+00:00,1655.0,51.051009,3.685076,4.6,4346.016909130772,3.728499355534855,4.470073634832592,142.0,Rep 3
2026-09-08 19:05:03+00:00,1656.0,51.050997,3.685128,4.6,4349.888903318151,3.7490825212355996,4.445532092788869,150.0,Rep 3
2026-09-08 19:05:04+00:00,1657.0,51.050984,3.68518,4.6,4353.800610606883,3.7755339474978675,4.414386653234053,150.0,Rep 3
2026-09-08 19:05:05+00:00,1658.0,51.050969,3.68523,4.6,4357.673220592298,3.8452827051607454,4.334315041205779,142.0,Rep 3
2026-09-08 19:05:06+00:00,1659.0,51.050954,3.685272,4.6,4361.049753883402,3.8356692001148787,4.345178324076409,142.0,Rep 3
2026-09-08 19:05:07+00:00,1660.0,51.050945,3.685327,4.6,4365.022390717719,3.851040958697486,4.327834174036864,148.0,Rep 3
2026-09-08 19:05:08+00:00,1661.0,51.050939,3.68538,4.6,4368.786705354571,3.829415872285407,4.352273877404689,148.0,Rep 3
2026-09-08 19:05:09+00:00,1662.0,51.050931,3.685434,4.6,4372.664730419653,3.8649242330311826,4.312288071322768,144.0,Rep 3
2026-09-08 19:05:10+00:00,1663.0,51.050923,3.685487,4.6,4376.4747532941465,3.868547463723054,4.308249239012004,144.0,Rep 3
2026-09-08 19:05:11+00:00,1664.0,51.050917,3.68554,4.6,4380.239069662987,3.9105514008014675,4.261973557808455,150.0,Rep 3
2026-09-08 19:05:12+00:00,1665.0,51.050915,3.685596,4.6,4384.159805096645,3.9488412365419876,4.2206474427069445,150.0,Rep 3
2026-09-08 19:05:13+00:00,1666.0,51.050903,3.68565,4.6,4388.163333457892,3.944050202022231,4.225774473692342,144.0,Rep 3
2026-09-08 19:05:14+00:00,1667.0,51.050891,3.685706,4.5,4392.298932876846,4.0371364894676205,4.1283386653257566,144.0,Rep 3
2026-09-08 19:05:15+00:00,1668.0,51.050884,3.685756,4.5,4395.879580330088,4.026296170709064,4.13945372124265,148.0,Rep 3
2026-09-08 19:05:16+00:00,1669.0,51.050871,3.685815,4.5,4400.2497061285985,4.096303617495348,4.068708822139841,148.0,Rep 3
2026-09-08 19:05:17+00:00,1670.0,51.050851,3.685859,4.5,4404.045121086618,4.112883353149978,4.052307161568779,148.0,Rep 3
2026-09-08 19:05:18+00:00,1671.0,51.050831,3.685915,4.5,4408.547174330173,4.1256891290092375,4.039729156876413,148.0,Rep 3
2026-09-08 19:05:19+00:00,1672.0,51.050828,3.685979,4.5,4413.033229155013,4.146035417345223,4.019904556758132,120.0,Rep 3
2026-09-08 19:05:20+00:00,1673.0,51.050824,3.686033,4.5,4416.833973622632,4.141110328934665,4.024685493215126,120.0,Rep 3
2026-09-08 19:05:21+00:00,1674.0,51.050813,3.686099,4.5,4421.606801225417,4.181205358470075,3.986091386997812,146.0,Rep 3
2026-09-08 19:05:22+00:00,1675.0,51.050805,3.686152,4.5,4425.416833278356,4.174460212232319,3.9925321644769167,146.0,Rep 3
2026-09-08 19:05:23+00:00,1676.0,51.050789,3.686216,4.5,4430.231259617001,4.1707783383184935,3.9960566864807445,148.0,Rep 3
2026-09-08 19:05:24+00:00,1677.0,51.050774,3.68627,4.5,4434.3579807169035,4.200039939845415,3.968216232553277,148.0,Rep 3
2026-09-08 19:05:25+00:00,1678.0,51.050764,3.686325,4.5,4438.360090229286,4.207794298251659,3.960903381990816,144.0,Rep 3
2026-09-08 19:05:26+00:00,1679.0,51.050752,3.68638,4.5,4442.429600923167,4.183430586128022,3.983971126934011,144.0,Rep 3
2026-09-08 19:05:27+00:00,1680.0,51.050739,3.686431,4.5,4446.276460030666,4.138363205072475,4.027357155659513,144.0,Rep 3
2026-09-08 19:05:28+00:00,1681.0,51.050725,3.686493,4.5,4450.881413834944,4.105039953955556,4.060049805509667,144.0,Rep 3
2026-09-08 19:05:29+00:00,1682.0,51.050714,3.686548,4.5,4454.915836060332,4.092089065168311,4.072899294527245,144.0,Rep 3
2026-09-08 19:05:30+00:00,1683.0,51.050701,3.686594,4.5,4458.441255404867,4.089349576480737,4.075627763036554,144.0,Rep 3
2026-09-08 19:05:31+00:00,1684.0,51.050681,3.686655,4.5,4463.250305226281,4.044161284136001,4.12116765274542,140.0,Rep 3
2026-09-08 19:05:32+00:00,1685.0,51.050668,3.686707,4.5,4467.162035560394,4.006936511571957,4.159453642086329,140.0,Rep 3
2026-09-08 19:05:33+00:00,1686.0,51.050658,3.686764,4.5,4471.2986331220945,3.9670387969717824,4.201286531250735,144.0,Rep 3
2026-09-08 19:05:34+00:00,1687.0,51.05065,3.686817,4.5,4475.108677231101,3.959349953352034,4.209445202628896,144.0,Rep 3
2026-09-08 19:05:35+00:00,1688.0,51.050641,3.686862,4.5,4478.409572931965,3.950738459378316,4.218620604232383,144.0,Rep 3
2026-09-08 19:05:36+00:00,1689.0,51.050626,3.686923,4.5,4482.988137202942,3.8888001980678597,4.285812028848244,144.0,Rep 3
2026-09-08 19:05:37+00:00,1690.0,51.050615,3.686974,4.5,4486.757076925567,3.857728948840406,4.320331181296835,142.0,Rep 3
2026-09-08 19:05:38+00:00,1691.0,51.050605,3.687031,4.5,4490.8936788790415,3.8614125464091615,4.316209797931453,142.0,Rep 3
2026-09-08 19:05:39+00:00,1692.0,51.050596,3.68708,4.5,4494.462028390483,3.805280897392467,4.379878152513614,144.0,Rep 3
2026-09-08 19:05:40+00:00,1693.0,51.050588,3.687127,4.5,4497.865672183862,3.7859856799806177,4.402200133718411,144.0,Rep 3
2026-09-08 19:05:41+00:00,1694.0,51.050574,3.687179,4.5,4501.819850223447,3.7509351859671622,4.443336352230048,142.0,Rep 3
2026-09-08 19:05:42+00:00,1695.0,51.050561,3.687228,4.5,4505.537536921342,3.7348227665013085,4.46250537405811,142.0,Rep 3
2026-09-08 19:05:43+00:00,1696.0,51.050549,3.687277,4.5,4509.213416805963,3.7441118807742906,4.451433930767037,142.0,Rep 3
2026-09-08 19:05:44+00:00,1697.0,51.05054,3.687326,4.5,4512.781770292939,3.708339762234587,4.494374230861628,142.0,Rep 3
2026-09-08 19:05:45+00:00,1698.0,51.050533,3.687376,4.5,4516.362443601005,3.7036638864539886,4.500048378478505,144.0,Rep 3
2026-09-08 19:05:46+00:00,1699.0,51.050515,3.687425,4.5,4520.329518687168,3.6902260912477556,4.5164351057501895,144.0,Rep 3
2026-09-08 19:05:47+00:00,1700.0,51.0505,3.687471,4.5,4523.951820760103,3.710205052382229,4.492114702923339,144.0,Rep 3
2026-09-08 19:05:48+00:00,1701.0,51.050488,3.687519,4.5,4527.5626609116025,3.7526531289608593,4.44130221843387,144.0,Rep 3
2026-09-08 19:05:49+00:00,1702.0,51.050479,3.687568,4.5,4531.131018728621,3.7583989715775563,4.434512352921109,146.0,Rep 3
2026-09-08 19:05:50+00:00,1703.0,51.050468,3.687614,4.5,4534.57125114358,3.746472453057232,4.448629177312161,146.0,Rep 3
2026-09-08 19:05:51+00:00,1704.0,51.050455,3.687668,4.5,4538.613233636462,3.797992514052598,4.38828317986407,144.0,Rep 3
2026-09-08 19:05:52+00:00,1705.0,51.050441,3.687716,4.5,4542.312035222378,3.795749803088768,4.390875987954809,144.0,Rep 3
2026-09-08 19:05:53+00:00,1706.0,51.050431,3.68777,4.5,4546.2470702477585,3.833752614050861,4.347350584276786,144.0,Rep 3
2026-09-08 19:05:54+00:00,1707.0,51.050421,3.687823,4.5,4550.115104176217,3.8226903850209486,4.359931092503411,144.0,Rep 3
2026-09-08 19:05:55+00:00,1708.0,51.050412,3.687879,4.5,4554.1554691182755,3.8457300439817717,4.333810869732921,152.0,Rep 3
2026-09-08 19:05:56+00:00,1709.0,51.050403,3.687935,4.5,4558.19583479711,3.8573841492895893,4.320717362240458,152.0,Rep 3
2026-09-08 19:05:57+00:00,1710.0,51.050395,3.687984,4.5,4561.7346237172,3.8729032116295192,4.30340386938154,146.0,Rep 3
2026-09-08 19:05:58+00:00,1711.0,51.05038,3.688043,4.5,4566.183304516751,3.9114575588491856,4.2609861965548905,146.0,Rep 3
2026-09-08 19:05:59+00:00,1712.0,51.05037,3.688091,4.5,4569.71801733927,3.8776399017426635,4.2981470917855065,146.0,Rep 3
2026-09-08 19:06:00+00:00,1713.0,51.050362,3.688149,4.5,4573.868732811768,3.9180044850774336,4.25386615307493,146.0,Rep 3
2026-09-08 19:06:01+00:00,1714.0,51.050352,3.688201,4.5,4577.669874462483,3.893834108001569,4.28027137376443,146.0,Rep 3
2026-09-08 19:06:02+00:00,1715.0,51.050341,3.688255,4.5,4581.63777141983,3.9196325093730335,4.252099304414788,146.0,Rep 3
2026-09-08 19:06:03+00:00,1716.0,51.050334,3.688308,4.5,4585.423423150946,3.9215782049231263,4.249989620439911,146.0,Rep 3
2026-09-08 19:06:04+00:00,1717.0,51.050324,3.68836,4.5,4589.2245669030635,3.9167475047516636,4.255231323042202,146.0,Rep 3
2026-09-08 19:06:05+00:00,1718.0,51.05031,3.688413,4.4,4593.243114526318,3.930236370874613,4.240627049858011,148.0,Rep 3
2026-09-08 19:06:06+00:00,1719.0,51.0503,3.688461,4.4,4596.777832162601,3.889334599732288,4.28522315046226,148.0,Rep 3
2026-09-08 19:06:07+00:00,1720.0,51.050287,3.688519,4.4,4601.082102498538,3.905028733468854,4.268001032571557,144.0,Rep 3
2026-09-08 19:06:08+00:00,1721.0,51.050273,3.688565,4.4,4604.654581867781,3.8884124053040288,4.286239454419065,144.0,Rep 3
2026-09-08 19:06:09+00:00,1722.0,51.050258,3.688621,4.4,4608.909591816811,3.8818644742503965,4.293469485403677,146.0,Rep 3
2026-09-08 19:06:10+00:00,1723.0,51.050246,3.688676,4.4,4612.979142192122,3.853258331159802,4.325343705063792,146.0,Rep 3
2026-09-08 19:06:11+00:00,1724.0,51.050235,3.68873,4.4,4616.947047368385,3.876592070356075,4.299308868249269,146.0,Rep 3
2026-09-08 19:06:12+00:00,1725.0,51.050223,3.68878,4.4,4620.688169280318,3.8700441464303226,4.306583086924158,146.0,Rep 3
2026-09-08 19:06:13+00:00,1726.0,51.050212,3.688832,4.4,4624.523323512735,3.8716080846206635,4.30484344034519,148.0,Rep 3
2026-09-08 19:06:14+00:00,1727.0,51.050203,3.688884,4.4,4628.293448341302,3.887225263910392,4.287548452980744,148.0,Rep 3
2026-09-08 19:06:15+00:00,1728.0,51.050192,3.688937,4.4,4632.194918891327,3.860372334758604,4.317372839039596,146.0,Rep 3
2026-09-08 19:06:16+00:00,1729.0,51.050181,3.688987,4.5,4635.897841576237,3.8778845278873617,4.297875954482462,146.0,Rep 3
2026-09-08 19:06:17+00:00,1730.0,51.050173,3.689036,4.5,4639.436646387225,3.8520877967297382,4.326658047829536,148.0,Rep 3
2026-09-08 19:06:18+00:00,1731.0,51.050161,3.689092,4.5,4643.5723042062855,3.832126688867156,4.349195112751772,148.0,Rep 3
2026-09-08 19:06:19+00:00,1732.0,51.05015,3.689142,4.5,4647.275229099517,3.80131170996861,4.384451457363989,148.0,Rep 3
2026-09-08 19:06:20+00:00,1733.0,51.050137,3.689196,4.5,4651.317235795626,3.831290752432638,4.350144048995587,148.0,Rep 3
2026-09-08 19:06:21+00:00,1734.0,51.050126,3.689247,4.5,4655.0862111212555,3.8077034987522764,4.37709151254242,144.0,Rep 3
2026-09-08 19:06:22+00:00,1735.0,51.050115,3.6893,4.5,4658.987687519916,3.832073036787952,4.349256004952527,144.0,Rep 3
2026-09-08 19:06:23+00:00,1736.0,51.050104,3.689352,4.5,4662.822849786091,3.8164887436258597,4.367015805955838,148.0,Rep 3
2026-09-08 19:06:24+00:00,1737.0,51.050094,3.689405,4.5,4666.690908767757,3.856411259479434,4.321807386517291,148.0,Rep 3
2026-09-08 19:06:25+00:00,1738.0,51.050085,3.689457,4.5,4670.4610425251285,3.8830083577471606,4.2922046854249665,144.0,Rep 3
2026-09-08 19:06:26+00:00,1739.0,51.050074,3.689504,4.5,4673.966723017914,3.8838186695745502,4.291309168790932,144.0,Rep 3
2026-09-08 19:06:27+00:00,1740.0,51.050059,3.689559,4.5,4678.1575305668075,3.895094970745568,4.278885827391383,152.0,Rep 3
2026-09-08 19:06:28+00:00,1741.0,51.050047,3.689605,4.5,4681.638875994019,3.9014048512126416,4.271965433550507,152.0,Rep 3
2026-09-08 19:06:29+00:00,1742.0,51.050035,3.689661,4.5,4685.7745438931215,3.9214311628032155,4.250148982534372,144.0,Rep 3
2026-09-08 19:06:30+00:00,1743.0,51.050025,3.689711,4.5,4689.442250045715,3.930298273311032,4.240560259724521,144.0,Rep 3
2026-09-08 19:06:31+00:00,1744.0,51.050014,3.68977,4.5,4693.744010468429,3.9371385541118755,4.233192822045926,148.0,Rep 3
2026-09-08 19:06:32+00:00,1745.0,51.050002,3.689823,4.5,4697.681771753433,3.943796584918109,4.226046224190019,148.0,Rep 3
2026-09-08 19:06:33+00:00,1746.0,51.049988,3.689878,4.5,4701.829584249905,3.9637594494440114,4.2047623926836595,146.0,Rep 3
2026-09-08 19:06:34+00:00,1747.0,51.049976,3.68993,4.5,4705.701653660702,3.9948954634727434,4.171990686379166,146.0,Rep 3
2026-09-08 19:06:35+00:00,1748.0,51.049966,3.689987,4.5,4709.838308563817,3.9778467764004177,4.18987145647386,150.0,Rep 3
2026-09-08 19:06:36+00:00,1749.0,51.049956,3.690043,4.5,4713.907678563305,3.979469973896553,4.18816243770958,150.0,Rep 3
2026-09-08 19:06:37+00:00,1750.0,51.049945,3.690098,4.6,4717.942161619583,3.983146935442439,4.184296220248618,146.0,Rep 3
2026-09-08 19:06:38+00:00,1751.0,51.049933,3.690151,4.6,4721.87992809777,3.9898995338713132,4.1772146203629745,146.0,Rep 3
2026-09-08 19:06:39+00:00,1752.0,51.049922,3.690205,4.6,4725.847857541529,3.97889317319561,4.1887695751532315,148.0,Rep 3
2026-09-08 19:06:40+00:00,1753.0,51.04991,3.69026,4.6,4729.917434266789,3.9676421980760215,4.2006475973938935,148.0,Rep 3
2026-09-08 19:06:41+00:00,1754.0,51.049901,3.690315,4.6,4733.890154970005,3.9512212752954787,4.218105113695589,148.0,Rep 3
2026-09-08 19:06:42+00:00,1755.0,51.049891,3.690369,4.6,4737.825232212814,3.9487622519471444,4.220731865649367,148.0,Rep 3
2026-09-08 19:06:43+00:00,1756.0,51.04988,3.690416,4.6,4741.330925602468,3.9355036959351875,4.234951344063265,148.0,Rep 3
2026-09-08 19:06:44+00:00,1757.0,51.049865,3.690471,4.6,4745.521747924758,3.9110757411494506,4.26140217416715,148.0,Rep 3
2026-09-08 19:06:45+00:00,1758.0,51.049854,3.690522,4.5,4749.290743053784,3.8977893100399776,4.275928055869117,144.0,Rep 3
2026-09-08 19:06:46+00:00,1759.0,51.049844,3.690579,4.5,4753.427408066363,3.8909507053516257,4.283443283859465,144.0,Rep 3
2026-09-08 19:06:47+00:00,1760.0,51.049833,3.69063,4.5,4757.196404724573,3.888761262239107,4.285854940107631,152.0,Rep 3
2026-09-08 19:06:48+00:00,1761.0,51.049822,3.690683,4.5,4761.0979033793365,3.8708686226162357,4.305665805676978,152.0,Rep 3
2026-09-08 19:06:49+00:00,1762.0,51.049811,3.690735,4.5,4764.933087439908,3.8349832684071314,4.345955510149905,146.0,Rep 3
2026-09-08 19:06:50+00:00,1763.0,51.049799,3.690788,4.5,4768.870864002844,3.8621729804715033,4.315359967287629,146.0,Rep 3
2026-09-08 19:06:51+00:00,1764.0,51.049788,3.690838,4.5,4772.573814680546,3.899766243240717,4.273760432578292,148.0,Rep 3
2026-09-08 19:06:52+00:00,1765.0,51.049777,3.69089,4.5,4776.409001270182,3.8839941758065817,4.2911152571966795,148.0,Rep 3
2026-09-08 19:06:53+00:00,1766.0,51.049766,3.690942,4.5,4780.244188678043,3.8884073911092116,4.286244981627893,148.0,Rep 3
2026-09-08 19:06:54+00:00,1767.0,51.049756,3.690996,4.5,4784.179276475115,3.874969327046741,4.301109314681713,148.0,Rep 3
2026-09-08 19:06:55+00:00,1768.0,51.049746,3.691048,4.5,4787.980463606033,3.870802178075157,4.305739714901819,150.0,Rep 3
2026-09-08 19:06:56+00:00,1769.0,51.049737,3.691095,4.5,4791.414903996112,3.8531435429419694,4.325472560500889,150.0,Rep 3
2026-09-08 19:06:57+00:00,1770.0,51.049723,3.691153,4.5,4795.757826919887,3.8270918919009813,4.354916771645128,146.0,Rep 3
2026-09-08 19:06:58+00:00,1771.0,51.049711,3.691208,4.5,4799.827419251078,3.893457933135058,4.280684921448855,146.0,Rep 3
2026-09-08 19:06:59+00:00,1772.0,51.049697,3.69126,4.5,4803.781660561856,3.9227713967493836,4.2486968984421445,156.0,Rep 3
2026-09-08 19:07:00+00:00,1773.0,51.049686,3.691312,4.5,4807.616853920423,3.932215349705453,4.238492855665981,156.0,Rep 3
2026-09-08 19:07:01+00:00,1774.0,51.049676,3.691366,4.5,4811.551947972064,3.921051965384614,4.250560006294597,144.0,Rep 3
2026-09-08 19:07:02+00:00,1775.0,51.049677,3.691419,4.5,4815.258437395701,3.9438961208455074,4.225939567367105,144.0,Rep 3
2026-09-08 19:07:03+00:00,1776.0,51.049678,3.691471,4.5,4818.895056523466,3.9426338920545323,4.227292496078443,148.0,Rep 3
2026-09-08 19:07:04+00:00,1777.0,51.049671,3.691519,4.5,4822.339465818423,3.9674415543122334,4.200860034989445,148.0,Rep 3
2026-09-08 19:07:05+00:00,1778.0,51.049644,3.691575,4.5,4827.272732999871,3.920384155943943,4.251284058833183,154.0,Rep 3
2026-09-08 19:07:06+00:00,1779.0,51.049624,3.691625,4.5,4831.415385631787,3.906951423894846,4.265900662274332,154.0,Rep 3
2026-09-08 19:07:07+00:00,1780.0,51.049611,3.691678,4.5,4835.392231515763,3.892296299815291,4.2819624671065215,142.0,Rep 3
2026-09-08 19:07:08+00:00,1781.0,51.049601,3.691728,4.5,4839.059968158813,3.8909807481247,4.283410210831638,142.0,Rep 3
2026-09-08 19:07:09+00:00,1782.0,51.049587,3.691785,4.5,4843.3377182877975,3.8810221801336495,4.294401292520499,156.0,Rep 3
2026-09-08 19:07:10+00:00,1783.0,51.049574,3.691835,4.5,4847.11997198685,3.8740024146375647,4.302182828718224,156.0,Rep 3
2026-09-08 19:07:11+00:00,1784.0,51.049562,3.691886,4.5,4850.926527310795,3.8829063409798446,4.292317455810913,142.0,Rep 3
2026-09-08 19:07:12+00:00,1785.0,51.049551,3.691935,4.5,4854.563589259045,3.907287999980919,4.265533195082639,142.0,Rep 3
2026-09-08 19:07:13+00:00,1786.0,51.049541,3.691988,4.5,4858.431690609501,3.8407441357685808,4.33943685845958,154.0,Rep 3
2026-09-08 19:07:14+00:00,1787.0,51.049531,3.692039,4.5,4862.166105059086,3.7939204343883444,4.39299319922445,154.0,Rep 3
2026-09-08 19:07:15+00:00,1788.0,51.049526,3.692093,4.5,4865.981565142293,3.811119837969195,4.373167828684106,144.0,Rep 3
2026-09-08 19:07:16+00:00,1789.0,51.049519,3.692146,4.5,4869.767280674068,3.7980202456926553,4.388251138357774,144.0,Rep 3
2026-09-08 19:07:17+00:00,1790.0,51.049509,3.692195,4.5,4873.368473615264,3.7957659518270015,4.390857307375488,152.0,Rep 3
2026-09-08 19:07:18+00:00,1791.0,51.0495,3.692247,4.5,4877.1386516381635,3.770439286752987,4.420351423035274,152.0,Rep 3
2026-09-08 19:07:19+00:00,1792.0,51.049492,3.6923,4.5,4880.9487858181365,3.798991606662885,4.387129110113254,146.0,Rep 3
2026-09-08 19:07:20+00:00,1793.0,51.049482,3.692354,4.5,4884.883895036399,3.807866450507728,4.37690420168081,146.0,Rep 3
2026-09-08 19:07:21+00:00,1794.0,51.049471,3.6924,4.5,4888.324192147612,3.821287357830488,4.361531888596063,148.0,Rep 3
2026-09-08 19:07:22+00:00,1795.0,51.04946,3.692458,4.5,4892.5590290853015,3.8308695220950706,4.350622377123355,148.0,Rep 3
2026-09-08 19:07:23+00:00,1796.0,51.049452,3.692506,4.5,4896.030271844203,3.8299197981193154,4.351701222268634,144.0,Rep 3
2026-09-08 19:07:24+00:00,1797.0,51.049443,3.692565,4.5,4900.274207565203,3.825389943450688,4.356854311075153,144.0,Rep 3
2026-09-08 19:07:25+00:00,1798.0,51.049433,3.692611,4.5,4903.676561288145,3.8321758201806313,4.349139352870578,152.0,Rep 3
2026-09-08 19:07:26+00:00,1799.0,51.049422,3.692669,4.6,4907.911401410739,3.837294507381761,4.343337899815921,152.0,Rep 3
2026-09-08 19:07:27+00:00,1800.0,51.049413,3.692721,4.6,4911.681586016662,3.8383620716905202,4.342129886492498,142.0,Rep 3
2026-09-08 19:07:28+00:00,1801.0,51.049403,3.692777,4.6,4915.7510009769585,3.8353619875651632,4.345526372921924,142.0,Rep 3
2026-09-08 19:07:29+00:00,1802.0,51.049395,3.692831,4.6,4919.629147890512,3.8624729305393495,4.315024847135786,148.0,Rep 3
2026-09-08 19:07:30+00:00,1803.0,51.049385,3.692883,4.6,4923.430362114083,3.842492046775631,4.337462892253024,148.0,Rep 3
2026-09-08 19:07:31+00:00,1804.0,51.049372,3.692932,4.6,4927.1481298258295,3.8579416251450818,4.320093014896227,140.0,Rep 3
2026-09-08 19:07:32+00:00,1805.0,51.049361,3.692982,4.6,4930.8511109179735,3.800016953700249,4.38594534438526,140.0,Rep 3
2026-09-08 19:07:33+00:00,1806.0,51.049348,3.693033,4.6,4934.6980692488905,3.845404019618169,4.334178302627766,150.0,Rep 3
2026-09-08 19:07:34+00:00,1807.0,51.049334,3.693083,4.6,4938.524216893495,3.810933088794346,4.373382129346031,150.0,Rep 3
2026-09-08 19:07:35+00:00,1808.0,51.04932,3.693134,4.6,4942.414324849877,3.810856785162689,4.373469696252348,144.0,Rep 3
2026-09-08 19:07:36+00:00,1809.0,51.049307,3.693185,4.6,4946.261286105702,3.777651151291417,4.411912587791239,144.0,Rep 3
2026-09-08 19:07:37+00:00,1810.0,51.049297,3.693239,4.6,4950.196409786936,3.7755725544391017,4.414341514129018,150.0,Rep 3
2026-09-08 19:07:38+00:00,1811.0,51.049286,3.693289,4.6,4953.899396221379,3.781499372322434,4.407422830386646,150.0,Rep 3
2026-09-08 19:07:39+00:00,1812.0,51.049275,3.693334,4.6,4957.274461870707,3.7831296592246484,4.405523513059422,144.0,Rep 3
2026-09-08 19:07:40+00:00,1813.0,51.049261,3.693388,4.6,4961.357621582418,3.7831211272511296,4.405533448720662,144.0,Rep 3
2026-09-08 19:07:41+00:00,1814.0,51.049248,3.693437,4.5,4965.075397742654,3.7788093679649455,4.4105603230369885,152.0,Rep 3
2026-09-08 19:07:42+00:00,1815.0,51.049237,3.693488,4.5,4968.844437794101,3.7750025785368364,4.415008021829364,152.0,Rep 3
2026-09-08 19:07:43+00:00,1816.0,51.049226,3.693536,4.5,4972.415768246329,3.7757653765819708,4.414116080950518,144.0,Rep 3
2026-09-08 19:07:44+00:00,1817.0,51.049213,3.693587,4.5,4976.262736207098,3.775766199259718,4.414115119186764,144.0,Rep 3
2026-09-08 19:07:45+00:00,1818.0,51.049199,3.693638,4.5,4980.152852698919,3.7715667758077567,4.419029983393882,152.0,Rep 3
2026-09-08 19:07:46+00:00,1819.0,51.049191,3.69369,4.5,4983.895074714198,3.771558228591432,4.419039997929763,152.0,Rep 3
2026-09-08 19:07:47+00:00,1820.0,51.049182,3.693741,4.5,4987.59792782674,3.7955169119478707,4.391145410049901,146.0,Rep 3
2026-09-08 19:07:48+00:00,1821.0,51.049169,3.693791,4.5,4991.380209768364,3.7722693734803485,4.418206924414247,146.0,Rep 3
2026-09-08 19:07:49+00:00,1822.0,51.049158,3.693842,4.5,4995.149255571547,3.762506979687749,4.429670630949856,150.0,Rep 3
2026-09-08 19:07:50+00:00,1823.0,51.049147,3.693895,4.5,4999.050805498606,3.7468911150976325,4.448132105977247,150.0,Rep 3
2026-09-08 19:07:51+00:00,1824.0,51.049134,3.693946,4.5,5002.897779094598,3.7444559363298846,4.451024915251758,140.0,Rep 3
2026-09-08 19:07:52+00:00,1825.0,51.049122,3.693998,4.5,5006.769911424052,3.7629440423997353,4.42915612851842,140.0,Rep 3
2026-09-08 19:07:53+00:00,1826.0,51.049113,3.694049,4.5,5010.4727696502505,3.827444412904606,4.35451566859426,122.0,Rep 3
2026-09-08 19:07:54+00:00,1827.0,51.049103,3.6941,4.5,5014.2072155499245,3.8491686651530537,4.329939297685713,122.0,Rep 3
2026-09-08 19:07:55+00:00,1828.0,51.049093,3.694151,4.5,5017.941662184623,3.8395295673272654,4.340809563883239,150.0,Rep 3
2026-09-08 19:07:56+00:00,1829.0,51.049082,3.694199,4.6,5021.5130024379705,3.8215496581724357,4.361232525403608,150.0,Rep 3
2026-09-08 19:07:57+00:00,1830.0,51.049072,3.694247,4.6,5025.047804520566,3.8126539665934085,4.371408161532758,150.0,Rep 3
2026-09-08 19:07:58+00:00,1831.0,51.049062,3.694295,4.6,5028.582607291278,3.779375956239731,4.409899110235403,150.0,Rep 3
2026-09-08 19:07:59+00:00,1832.0,51.049062,3.694354,4.6,5032.706896843095,3.7697780514998813,4.421126771650522,144.0,Rep 3
2026-09-08 19:08:00+00:00,1833.0,51.049071,3.694422,4.6,5037.564518892489,3.755201919309894,4.438287747181795,144.0,Rep 3
2026-09-08 19:08:01+00:00,1834.0,51.049068,3.69448,4.6,5041.6326046914955,3.7623297229259896,4.429879328520118,124.0,Rep 3
2026-09-08 19:08:02+00:00,1835.0,51.049062,3.69453,4.7,5045.19087133665,3.755740359019782,4.437651454430287,124.0,Rep 3
2026-09-08 19:08:03+00:00,1836.0,51.049055,3.694579,4.7,5048.703454640952,3.7555407485925048,4.437887319665743,152.0,Rep 3
2026-09-08 19:08:04+00:00,1837.0,51.049046,3.694629,4.7,5052.33906507045,3.7779167161412963,4.411602456840217,152.0,Rep 3
2026-09-08 19:08:05+00:00,1838.0,51.049036,3.694675,4.7,5055.741444842203,3.800446496397822,4.385449626106785,144.0,Rep 3
2026-09-08 19:08:06+00:00,1839.0,51.049025,3.694725,4.7,5059.444449867097,3.8198714043800104,4.363148625253728,144.0,Rep 3
2026-09-08 19:08:07+00:00,1840.0,51.049012,3.694773,4.7,5063.097940213702,3.7981094297460203,4.388148097086599,150.0,Rep 3
2026-09-08 19:08:08+00:00,1841.0,51.048997,3.694822,4.7,5066.9077154941415,3.7357296700014695,4.46142203503181,150.0,Rep 3
2026-09-08 19:08:09+00:00,1842.0,51.048983,3.694869,4.7,5070.543320935223,3.71237740198478,4.489486079124398,142.0,Rep 3
2026-09-08 19:08:10+00:00,1843.0,51.048964,3.694913,4.7,5074.274773413512,3.7345023287010526,4.462888277931191,142.0,Rep 3
2026-09-08 19:08:11+00:00,1844.0,51.048946,3.694961,4.7,5078.181753180091,3.7353658998437096,4.461856512467496,152.0,Rep 3
2026-09-08 19:08:12+00:00,1845.0,51.048931,3.695011,4.7,5082.054501966535,3.77556597307547,4.414349208971832,152.0,Rep 3
2026-09-08 19:08:13+00:00,1846.0,51.048917,3.695061,4.7,5085.880678356979,3.8088456342625157,4.3757789805765475,124.0,Rep 3
2026-09-08 19:08:14+00:00,1847.0,51.048901,3.695109,4.7,5089.678538289286,3.8332895037365002,4.347875799733057,124.0,Rep 3
2026-09-08 19:08:15+00:00,1848.0,51.048885,3.695159,4.7,5093.600463942512,3.8490664799595473,4.330054249112847,142.0,Rep 3
2026-09-08 19:08:16+00:00,1849.0,51.048872,3.695208,4.7,5097.318265721267,3.857604996323881,4.320470002125472,142.0,Rep 3
2026-09-08 19:08:17+00:00,1850.0,51.048858,3.695259,4.7,5101.2084062671665,3.880358537264104,4.295135747537832,152.0,Rep 3
2026-09-08 19:08:18+00:00,1851.0,51.048845,3.695305,4.8,5104.733943138608,3.869685854583474,4.306981830818573,152.0,Rep 3
2026-09-08 19:08:19+00:00,1852.0,51.048832,3.695362,4.8,5108.972554666581,3.904959448974615,4.268076758400933,142.0,Rep 3
2026-09-08 19:08:20+00:00,1853.0,51.048821,3.695415,4.8,5112.874129356141,3.887216825187551,4.287557760779792,142.0,Rep 3
2026-09-08 19:08:21+00:00,1854.0,51.048809,3.69547,4.8,5116.943792423145,3.904311915909908,4.268784622138076,154.0,Rep 3
2026-09-08 19:08:22+00:00,1855.0,51.048795,3.695521,4.8,5120.833937413096,3.8943926117273366,4.279657530285386,154.0,Rep 3
2026-09-08 19:08:23+00:00,1856.0,51.048783,3.695574,4.9,5124.771790439,3.9177032993569516,4.254193182368435,144.0,Rep 3
2026-09-08 19:08:24+00:00,1857.0,51.04877,3.695627,4.9,5128.748698994184,3.930196969647891,4.240669563225439,144.0,Rep 3
2026-09-08 19:08:25+00:00,1858.0,51.048759,3.695675,4.9,5132.320061232264,3.9339392521668857,4.236635493922882,148.0,Rep 3
2026-09-08 19:08:26+00:00,1859.0,51.048748,3.695736,5.0,5136.756144914711,3.954748825668662,4.21434265521242,148.0,Rep 3
2026-09-08 19:08:27+00:00,1860.0,51.04874,3.695786,5.0,5140.362754344349,3.9278592796425116,4.243193424226634,144.0,Rep 3
2026-09-08 19:08:28+00:00,1861.0,51.048732,3.695843,5.0,5144.445357095628,3.9215289613859445,4.2500429885328055,144.0,Rep 3
2026-09-08 19:08:29+00:00,1862.0,51.048725,3.695894,5.0,5148.0944274651965,3.8791856686614037,4.29643437830545,150.0,Rep 3
2026-09-08 19:08:30+00:00,1863.0,51.048715,3.695953,5.0,5152.366013432867,3.9180966327335125,4.253766108631921,150.0,Rep 3
2026-09-08 19:08:31+00:00,1864.0,51.048706,3.696007,5.0,5156.271220265986,3.923484537025559,4.247924646926701,144.0,Rep 3
2026-09-08 19:08:32+00:00,1865.0,51.048698,3.696062,5.0,5160.21749504967,3.934885175857669,4.235617031196828,144.0,Rep 3
2026-09-08 19:08:33+00:00,1866.0,51.048689,3.696115,5.0,5164.055175523638,3.9418619589091946,4.228120324964075,148.0,Rep 3
2026-09-08 19:08:34+00:00,1867.0,51.048678,3.696167,5.0,5167.89044386122,3.9317422448357546,4.2390028717060275,148.0,Rep 3
2026-09-08 19:08:35+00:00,1868.0,51.048666,3.696218,5.0,5171.697063776931,3.954923114395691,4.214156934176789,144.0,Rep 3
2026-09-08 19:08:36+00:00,1869.0,51.048657,3.696265,5.0,5175.131577453067,3.9506613860381203,4.218702905181317,144.0,Rep 3
2026-09-08 19:08:37+00:00,1870.0,51.048643,3.696325,5.0,5179.605386904099,3.9710116609563824,4.1970832849815025,154.0,Rep 3
2026-09-08 19:08:38+00:00,1871.0,51.048629,3.696378,5.0,5183.624058494384,3.9487640574952962,4.220729935745603,154.0,Rep 3
2026-09-08 19:08:39+00:00,1872.0,51.048615,3.696433,5.0,5187.771976632051,3.955331033565008,4.213722321907584,142.0,Rep 3
2026-09-08 19:08:40+00:00,1873.0,51.048603,3.696482,5.0,5191.447990615903,3.9660785817113746,4.202303691994663,142.0,Rep 3
2026-09-08 19:08:41+00:00,1874.0,51.048586,3.696537,5.0,5195.7322785872475,3.972758196801024,4.195238129541116,150.0,Rep 3
2026-09-08 19:08:42+00:00,1875.0,51.048572,3.696589,5.0,5199.686601060284,3.975218934796056,4.192641195376508,150.0,Rep 3
2026-09-08 19:08:43+00:00,1876.0,51.048558,3.696642,5.0,5203.705277886201,3.9822369822865227,4.185252344549569,144.0,Rep 3
2026-09-08 19:08:44+00:00,1877.0,51.048544,3.696694,5.0,5207.659602379543,3.995745270715263,4.171103395608407,144.0,Rep 3
2026-09-08 19:08:45+00:00,1878.0,51.048532,3.696747,5.0,5211.597474295297,3.9641188378255,4.204381187474463,152.0,Rep 3
2026-09-08 19:08:46+00:00,1879.0,51.04852,3.696801,5.0,5215.601185769462,3.934299693566834,4.236247353987585,152.0,Rep 3
2026-09-08 19:08:47+00:00,1880.0,51.048507,3.696856,5.0,5219.708673775342,3.9245915636396544,4.246726416343323,144.0,Rep 3
2026-09-08 19:08:48+00:00,1881.0,51.048495,3.696909,5.0,5223.6465484756545,3.950823661372069,4.218529627029356,144.0,Rep 3
2026-09-08 19:08:49+00:00,1882.0,51.048483,3.696961,5.0,5227.518727883162,3.9365042141138313,4.233874971328741,152.0,Rep 3
2026-09-08 19:08:50+00:00,1883.0,51.04847,3.697013,5.0,5231.430618511229,3.9441825209588566,4.225632707944482,152.0,Rep 3
2026-09-08 19:08:51+00:00,1884.0,51.048459,3.697062,5.0,5235.067756513797,3.9363779349083514,4.234010794254365,144.0,Rep 3
2026-09-08 19:08:52+00:00,1885.0,51.048444,3.697114,5.0,5239.067169471482,3.928442380216872,4.242563605004834,144.0,Rep 3
2026-09-08 19:08:53+00:00,1886.0,51.048433,3.697162,5.0,5242.6385538978875,3.9332036154203647,4.237427882279977,148.0,Rep 3
2026-09-08 19:08:54+00:00,1887.0,51.048423,3.697217,5.0,5246.640850086646,3.9264355945104175,4.24473196248742,148.0,Rep 3
2026-09-08 19:08:55+00:00,1888.0,51.048413,3.697273,5.0,5250.710345536485,3.9107889148299497,4.26171471527539,142.0,Rep 3
2026-09-08 19:08:56+00:00,1889.0,51.048403,3.697329,5.0,5254.779841798956,3.964113781244488,4.204386550538001,142.0,Rep 3
2026-09-08 19:08:57+00:00,1890.0,51.048393,3.697385,5.0,5258.849338874668,3.993939011711454,4.172989777208637,152.0,Rep 3
2026-09-08 19:08:58+00:00,1891.0,51.048382,3.697438,5.0,5262.750946909827,4.006979878043814,4.159408625431691,152.0,Rep 3
2026-09-08 19:08:59+00:00,1892.0,51.048371,3.69749,5.0,5266.586238082797,4.037922871888798,4.1275346744972845,144.0,Rep 3
2026-09-08 19:09:00+00:00,1893.0,51.048367,3.697547,5.0,5270.595528526603,4.038115820922495,4.127337452856718,144.0,Rep 3
2026-09-08 19:09:01+00:00,1894.0,51.048373,3.697602,5.0,5274.497719687119,4.075744116339382,4.089232834772705,148.0,Rep 3
2026-09-08 19:09:02+00:00,1895.0,51.048358,3.697652,5.0,5278.370507497791,4.082758183567788,4.082207644270084,148.0,Rep 3
2026-09-08 19:09:03+00:00,1896.0,51.048334,3.697708,5.0,5283.108255194322,4.085292367379611,4.079675373970114,146.0,Rep 3
2026-09-08 19:09:04+00:00,1897.0,51.048319,3.697765,5.0,5287.427813058834,4.087826564385891,4.0771462301924934,146.0,Rep 3
2026-09-08 19:09:05+00:00,1898.0,51.048306,3.69782,5.0,5291.535316681887,4.079053109060772,4.085915584096004,150.0,Rep 3
2026-09-08 19:09:06+00:00,1899.0,51.048295,3.697876,5.0,5295.636599592129,4.086859415825317,4.0781110801436595,150.0,Rep 3
2026-09-08 19:09:07+00:00,1900.0,51.048285,3.697931,5.0,5299.63890678532,4.096303431228898,4.068709007151513,144.0,Rep 3
2026-09-08 19:09:08+00:00,1901.0,51.048273,3.697987,5.0,5303.774715642979,4.069750422839179,4.0952552208446,144.0,Rep 3
2026-09-08 19:09:09+00:00,1902.0,51.04826,3.698042,5.0,5307.882222840163,4.094379849931361,4.070620528026014,144.0,Rep 3
2026-09-08 19:09:10+00:00,1903.0,51.048247,3.698097,5.0,5311.98973104718,4.0987206516724495,4.066309486074873,144.0,Rep 3
2026-09-08 19:09:11+00:00,1904.0,51.048234,3.698152,5.0,5316.097240264745,4.049691997120275,4.115539324600065,148.0,Rep 3
2026-09-08 19:09:12+00:00,1905.0,51.048222,3.698205,5.0,5320.03513551058,4.017569653809035,4.148444981125615,148.0,Rep 3
2026-09-08 19:09:13+00:00,1906.0,51.048208,3.698258,5.0,5324.053838147207,4.006083729562964,4.160339072215269,146.0,Rep 3
2026-09-08 19:09:14+00:00,1907.0,51.048195,3.698311,5.0,5328.030789551231,3.9994862149285972,4.167201928201725,146.0,Rep 3
2026-09-08 19:09:15+00:00,1908.0,51.048183,3.698359,5.0,5331.641784869191,4.003967063480025,4.162538403145836,150.0,Rep 3
2026-09-08 19:09:16+00:00,1909.0,51.048173,3.698418,5.0,5335.91341743609,4.004033763493304,4.162469062729855,150.0,Rep 3
2026-09-08 19:09:17+00:00,1910.0,51.048161,3.698471,5.0,5339.851317272878,3.9814748494976375,4.186053484368885,142.0,Rep 3
2026-09-08 19:09:18+00:00,1911.0,51.048151,3.698526,5.0,5343.853635151127,3.990577868716199,4.1765045602351485,142.0,Rep 3
2026-09-08 19:09:19+00:00,1912.0,51.048142,3.698579,5.0,5347.69135786597,3.972431486748351,4.195583164181701,150.0,Rep 3
2026-09-08 19:09:20+00:00,1913.0,51.048132,3.698633,5.0,5351.626572625331,3.9702556414426957,4.197882497211288,150.0,Rep 3
2026-09-08 19:09:21+00:00,1914.0,51.048122,3.698688,5.0,5355.6288928160575,3.9473051429181107,4.222289907474839,144.0,Rep 3
2026-09-08 19:09:22+00:00,1915.0,51.048112,3.698744,5.0,5359.69841273752,3.941521599169351,4.228485433183737,144.0,Rep 3
2026-09-08 19:09:23+00:00,1916.0,51.048102,3.698801,5.0,5363.8352220953775,3.952946016530593,4.216264678791289,148.0,Rep 3
2026-09-08 19:09:24+00:00,1917.0,51.048091,3.698852,5.0,5367.6043455826275,3.928279567784523,4.242739443329986,148.0,Rep 3
2026-09-08 19:09:25+00:00,1918.0,51.048082,3.698911,5.0,5371.848399077922,3.927270364958175,4.243829713222244,144.0,Rep 3
2026-09-08 19:09:26+00:00,1919.0,51.048071,3.698963,5.0,5375.6837125659695,3.9138703891498863,4.258359375637566,144.0,Rep 3
2026-09-08 19:09:27+00:00,1920.0,51.048062,3.699017,5.0,5379.58897013222,3.9074408449041296,4.265366342884607,152.0,Rep 3
2026-09-08 19:09:28+00:00,1921.0,51.048054,3.699068,5.0,5383.263415290979,3.8940617702186002,4.280021132209994,152.0,Rep 3
2026-09-08 19:09:29+00:00,1922.0,51.04804,3.699119,5.0,5387.1536135387705,3.878515930034839,4.297176282712073,144.0,Rep 3
2026-09-08 19:09:30+00:00,1923.0,51.048027,3.699169,4.9,5390.93597511715,3.862902743018007,4.314544728518156,144.0,Rep 3
2026-09-08 19:09:31+00:00,1924.0,51.048016,3.699222,4.9,5394.837610952857,3.8360841852188283,4.344708265498069,148.0,Rep 3
2026-09-08 19:09:32+00:00,1925.0,51.048009,3.699277,4.9,5398.760372747251,3.8361623770461013,4.344619708068832,148.0,Rep 3
2026-09-08 19:09:33+00:00,1926.0,51.047999,3.699329,4.9,5402.561690988375,3.8070037043456484,4.377896099140085,144.0,Rep 3
2026-09-08 19:09:34+00:00,1927.0,51.047987,3.699379,4.9,5406.302970539531,3.8182333513544404,4.365020451344208,144.0,Rep 3
2026-09-08 19:09:35+00:00,1928.0,51.047977,3.69943,4.9,5410.03749917861,3.800262403691784,4.385662066513025,150.0,Rep 3
2026-09-08 19:09:36+00:00,1929.0,51.047966,3.699481,4.8,5413.80663176658,3.8275169320435722,4.354433164523734,150.0,Rep 3
2026-09-08 19:09:37+00:00,1930.0,51.047955,3.699533,4.8,5417.6419538827895,3.8317952326653297,4.349571324841809,140.0,Rep 3
2026-09-08 19:09:38+00:00,1931.0,51.047945,3.699584,4.8,5421.376484873659,3.846555257979635,4.332881123205459,140.0,Rep 3
2026-09-08 19:09:39+00:00,1932.0,51.047936,3.699636,4.8,5425.146781238318,3.846556088463566,4.332880187722377,148.0,Rep 3
2026-09-08 19:09:40+00:00,1933.0,51.047924,3.699687,4.8,5428.953454643106,3.811869176451087,4.372308149930688,148.0,Rep 3
2026-09-08 19:09:41+00:00,1934.0,51.047912,3.699741,4.8,5432.957212836285,3.8442878430822507,4.33543671727343,142.0,Rep 3
2026-09-08 19:09:42+00:00,1935.0,51.047903,3.699791,4.8,5436.592906187596,3.8488867904431943,4.330256402461639,142.0,Rep 3
2026-09-08 19:09:43+00:00,1936.0,51.047889,3.699845,4.8,5440.676169271631,3.842298187183582,4.337681734921097,150.0,Rep 3
2026-09-08 19:09:44+00:00,1937.0,51.047875,3.699897,4.8,5444.63054202875,3.835547058165771,4.345316695094069,150.0,Rep 3
2026-09-08 19:09:45+00:00,1938.0,51.047863,3.699951,4.9,5448.634303986843,3.7822457175799054,4.406553119803899,144.0,Rep 3
2026-09-08 19:09:46+00:00,1939.0,51.047852,3.700004,4.9,5452.53595227981,3.8045932042344037,4.380669830382166,144.0,Rep 3
2026-09-08 19:09:47+00:00,1940.0,51.047842,3.70005,4.9,5455.938410394016,3.800113050497105,4.385834433132574,148.0,Rep 3
2026-09-08 19:09:48+00:00,1941.0,51.047834,3.70011,4.9,5460.226008634607,3.825733665019527,4.356462871176266,148.0,Rep 3
2026-09-08 19:09:49+00:00,1942.0,51.047826,3.700163,4.9,5464.036272396177,3.810975192358865,4.373333812322867,140.0,Rep 3
2026-09-08 19:09:50+00:00,1943.0,51.047817,3.700213,4.9,5467.671971986362,3.8424321733693256,4.337530479308921,140.0,Rep 3
2026-09-08 19:09:51+00:00,1944.0,51.047807,3.700263,4.9,5471.339837639065,3.8283636659920415,4.353470077756535,148.0,Rep 3
2026-09-08 19:09:52+00:00,1945.0,51.047798,3.700304,4.9,5474.375639646487,3.8026424265288514,4.382917139511438,148.0,Rep 3
2026-09-08 19:09:53+00:00,1946.0,51.047786,3.700359,4.9,5478.445382937174,3.82028678006891,4.362674224777972,144.0,Rep 3
2026-09-08 19:09:54+00:00,1947.0,51.047775,3.700409,4.9,5482.148476995773,3.802556128434285,4.38301660875923,144.0,Rep 3
2026-09-08 19:09:55+00:00,1948.0,51.04776,3.700464,4.9,5486.339459618397,3.8423567891662986,4.337615578454114,148.0,Rep 3
2026-09-08 19:09:56+00:00,1949.0,51.047747,3.700514,4.9,5490.121840721667,3.8210572226151815,4.361794575601719,148.0,Rep 3
2026-09-08 19:09:57+00:00,1950.0,51.047734,3.700569,4.9,5494.229388788134,3.847178740871006,4.3321789262365575,142.0,Rep 3
2026-09-08 19:09:58+00:00,1951.0,51.047722,3.700621,4.9,5498.10162426151,3.8770175829637057,4.298837008091714,142.0,Rep 3
2026-09-08 19:09:59+00:00,1952.0,51.047713,3.70067,4.9,5501.670178426681,3.8994118994244746,4.274148793854414,148.0,Rep 3
2026-09-08 19:10:00+00:00,1953.0,51.047701,3.700728,4.9,5505.938605687875,3.9704476328692464,4.197679508147169,148.0,Rep 3
2026-09-08 19:10:01+00:00,1954.0,51.047687,3.700775,4.9,5509.5742942063225,3.9660502246183476,4.202333738290089,140.0,Rep 3
2026-09-08 19:10:02+00:00,1955.0,51.047672,3.700827,4.8,5513.573762231509,3.9881552488763794,4.179041593569439,140.0,Rep 3
2026-09-08 19:10:03+00:00,1956.0,51.047661,3.700881,4.8,5517.541866973834,3.955630280051977,4.213403550558236,148.0,Rep 3
2026-09-08 19:10:04+00:00,1957.0,51.047649,3.700938,4.8,5521.743953509242,3.9837534351323916,4.183659189267265,148.0,Rep 3
2026-09-08 19:10:05+00:00,1958.0,51.047635,3.700992,4.8,5525.827235730817,3.9883300316956904,4.178858453090608,144.0,Rep 3
2026-09-08 19:10:06+00:00,1959.0,51.047623,3.701046,4.8,5529.831016130432,4.008594185467521,4.157733583281851,144.0,Rep 3
2026-09-08 19:10:07+00:00,1960.0,51.047612,3.701102,4.8,5533.932354139525,4.035231521191028,4.130287587996284,148.0,Rep 3
2026-09-08 19:10:08+00:00,1961.0,51.0476,3.701156,4.8,5537.936136306449,4.002024842764416,4.164558522618789,148.0,Rep 3
2026-09-08 19:10:09+00:00,1962.0,51.047589,3.701211,4.8,5541.970805728919,4.012348265238049,4.153843476415637,144.0,Rep 3
2026-09-08 19:10:10+00:00,1963.0,51.047578,3.701261,4.8,5545.673913819177,3.9875656433660027,4.179659510908495,144.0,Rep 3
2026-09-08 19:10:11+00:00,1964.0,51.047568,3.701319,4.7,5549.878142248653,3.971592698248488,4.196469258798071,154.0,Rep 3
2026-09-08 19:10:12+00:00,1965.0,51.047559,3.701377,4.7,5554.05433926357,3.854183669447258,4.324305247512216,154.0,Rep 3
2026-09-08 19:10:13+00:00,1966.0,51.04755,3.701435,4.7,5558.230537043523,3.731280963431182,4.466741269287978,140.0,Rep 3
2026-09-08 19:10:14+00:00,1967.0,51.047539,3.701489,4.7,5562.198651244546,3.609003189870786,4.618080336821034,140.0,Rep 3
2026-09-08 19:10:15+00:00,1968.0,51.04753,3.701541,4.7,5565.968978329342,3.4960714938629396,4.7672556742399586,148.0,Rep 3
2026-09-08 19:10:16+00:00,1969.0,51.047513,3.701588,4.7,5569.759518184894,3.4422231707256596,4.8418321067640555,148.0,Rep 3
2026-09-08 19:10:17+00:00,1970.0,51.047493,3.701629,4.7,5573.387246881999,3.360981959648765,4.958868231595148,138.0,Rep 3
2026-09-08 19:10:18+00:00,1971.0,51.047475,3.701674,4.7,5577.115757447561,3.27256074693761,5.092851731556997,138.0,Rep 3
2026-09-08 19:10:19+00:00,1972.0,51.04747,3.701708,4.7,5579.55670855095,3.314612643896417,5.028239633779514,138.0,Rep 3
2026-09-08 19:10:20+00:00,1973.0,51.047469,3.70174,4.7,5581.796450182284,3.036199509568586,5.489318674264208,138.0,Rep 3
2026-09-08 19:10:21+00:00,1974.0,51.047464,3.70177,4.7,5583.9660639784925,3.009064208400677,5.538820547642959,130.0,Rep 3
2026-09-08 19:10:22+00:00,1975.0,51.047472,3.701802,4.7,5586.373426547468,2.907804703721254,5.731700841303939,130.0,Rep 3
2026-09-08 19:10:23+00:00,1976.0,51.047487,3.701841,4.7,5589.569483867333,2.827617740963167,5.8942432087689225,134.0,easy
2026-09-08 19:10:24+00:00,1977.0,51.04749,3.701881,4.7,5592.385535123649,2.7489878282528233,6.062837563474959,134.0,easy
2026-09-08 19:10:25+00:00,1978.0,51.04749,3.701915,4.7,5594.76232502324,2.692672924058179,6.189636519814673,136.0,easy
2026-09-08 19:10:26+00:00,1979.0,51.047487,3.701984,4.7,5599.597331907097,2.628262866653521,6.341324103508632,136.0,easy
2026-09-08 19:10:27+00:00,1980.0,51.047487,3.701984,4.7,5599.597331907097,2.6427819353145114,6.306485769391792,138.0,easy
2026-09-08 19:10:28+00:00,1981.0,51.047476,3.702035,4.7,5603.366500169532,2.6972606443138507,6.179108682656235,138.0,easy
2026-09-08 19:10:29+00:00,1982.0,51.047477,3.70207,4.7,5605.8157218003635,2.7449846949498977,6.071679269224804,144.0,easy
2026-09-08 19:10:30+00:00,1983.0,51.047484,3.702105,4.7,5608.383244443788,2.780677424477381,5.993743294333794,144.0,easy
2026-09-08 19:10:31+00:00,1984.0,51.047495,3.702138,4.7,5610.994335608684,2.7510074319497035,6.058386637965063,140.0,easy
2026-09-08 19:10:32+00:00,1985.0,51.047509,3.702171,4.7,5613.77734074287,2.7460040608445757,6.06942535312223,140.0,easy
2026-09-08 19:10:33+00:00,1986.0,51.047513,3.70221,4.7,5616.5397004473625,2.7767719076157333,6.002173466591086,142.0,easy
2026-09-08 19:10:34+00:00,1987.0,51.047514,3.702248,4.7,5619.198437580667,2.589659637048294,6.435852197805968,142.0,easy
2026-09-08 19:10:35+00:00,1988.0,51.047519,3.702291,4.7,5622.255359846991,2.848625600753123,5.8507747252781535,138.0,easy
2026-09-08 19:10:36+00:00,1989.0,51.047522,3.702332,4.7,5625.14083440274,2.7463430827885533,6.068676113744624,138.0,easy
2026-09-08 19:10:37+00:00,1990.0,51.047528,3.702373,4.7,5628.083587914628,2.7834832642831095,5.9877014101463235,126.0,easy
